domain_applicant;domain_validator;Cible du migrator dans RESANA
*ac-wf.wf;modernisation.gouv.fr;Ministère de l’Education nationale
*lupm.in2p3.fr;modernisation.gouv.fr;Migration DINUM
*ensc.bordeaux-inp.fr;modernisation.gouv.fr;Ministère de l'Enseignement supérieur et de la Recherche
*cabinets.finances.gouv.fr;finances.gouv.fr;Ministères Economiques et Financiers
*ensea.fr;modernisation.gouv.fr;Migration DINUM
*dialogue-trianon.fr;developpement-durable.gouv.fr;Ministère de la Transition écologique, de l’Energie, du Climat et de la Prévention des risques
*brgm.fr;modernisation.gouv.fr;Ministère de la Transition écologique, de l’Energie, du Climat et de la Prévention des risques
*pm.gouv.fr;modernisation.gouv.fr;Premier ministre
*ensta-bretagne.fr;modernisation.gouv.fr;Ministère de l'Enseignement supérieur et de la Recherche
*interieur.gouv.fr;interieur.gouv.fr;Ministère de l'Intérieur
*sdis43.fr;modernisation.gouv.fr;Ministère de l'Intérieur
*culture.fr;culture.gouv.fr;Ministère de la Culture
*guadeloupe.pref.gouv.fr;interieur.gouv.fr;Ministère de l'Intérieur
*inshea.fr;modernisation.gouv.fr;Migration DINUM
*outre-mer.gouv.fr;interieur.gouv.fr;Ministère des Outre-mer
*rdpi.senat.fr;modernisation.gouv.fr;Migration DINUM
*sdis55.fr;modernisation.gouv.fr;Ministère de l'Intérieur
*epaurif.fr;modernisation.gouv.fr;Migration DINUM
*medecine-de-proximite.fr;modernisation.gouv.fr;Migration DINUM
*epms-le-littoral.net;modernisation.gouv.fr;Migration DINUM
*enseignementsup-recherche.gouv.fr;modernisation.gouv.fr;Ministère de l'Enseignement supérieur et de la Recherche
*sdis971.fr;modernisation.gouv.fr;Ministère de l'Intérieur
*nancy.archi.fr;modernisation.gouv.fr;Ministère de la Culture
*cnous.fr;modernisation.gouv.fr;Ministère de l’Education nationale
*ecologiste.senat.fr;modernisation.gouv.fr;Migration DINUM
*academie.defense.gouv.fr;modernisation.gouv.fr;Ministère des Armées et des Anciens combattants
*cnrs-imn.eu;modernisation.gouv.fr;Ministère de l'Enseignement supérieur et de la Recherche
*signale.internet-mineurs.gouv.fr;interieur.gouv.fr;Ministère de l'Intérieur
*sdis90.fr;modernisation.gouv.fr;Ministère de l'Intérieur
*rhone-alpes.pref.gouv.fr;interieur.gouv.fr;Ministère de l'Intérieur
*guyane.pref.gouv.fr;interieur.gouv.fr;Ministère de l'Intérieur
*lpnhe.in2p3.fr;modernisation.gouv.fr;Migration DINUM
*immigration-integration.gouv.fr;interieur.gouv.fr;Ministère de l'Intérieur
*legiondhonneur.fr;modernisation.gouv.fr;Migration DINUM
*ie.gouv.fr;finances.gouv.fr;Ministères Economiques et Financiers
*accessibilite.gouv.fr;developpement-durable.gouv.fr;Ministère de la Transition écologique, de l’Energie, du Climat et de la Prévention des risques
*msa59-62.msa.fr;agriculture.gouv.fr;Ministère de l'Agriculture, de la Souveraineté alimentaire et de la Forêt
*loria.fr;modernisation.gouv.fr;Migration DINUM
*ac-rouen.fr;modernisation.gouv.fr;Ministère de l’Education nationale
*sdis77.fr;modernisation.gouv.fr;Ministère de l'Intérieur
*univ-orleans.fr;modernisation.gouv.fr;Ministère de l'Enseignement supérieur et de la Recherche
*cnccfp.fr;modernisation.gouv.fr;Migration DINUM
*sdis31.fr;modernisation.gouv.fr;Ministère de l'Intérieur
*orca-chirurgie-ambulatoire-ars-idf.fr;modernisation.gouv.fr;Migration DINUM
*deets.gouv.fr;modernisation.gouv.fr;Ministère de l'Intérieur
*cfssi.gouv.fr;modernisation.gouv.fr;Premier ministre
*carsat-normandie.fr;modernisation.gouv.fr;Migration DINUM
*wallis-et-futuna.pref.gouv.fr;interieur.gouv.fr;Ministère de l'Intérieur
*cab.social-sante.gouv.fr;modernisation.gouv.fr;Ministère de la Santé et de l’Accès aux soins
*carsat-bfc.fr;modernisation.gouv.fr;Migration DINUM
*sante.gouv.fr;modernisation.gouv.fr;Ministère de la Santé et de l’Accès aux soins
*arcep.fr;modernisation.gouv.fr;Migration DINUM
*cotesnormandes.msa.fr;agriculture.gouv.fr;Migration DINUM
*ecoledulouvre.fr;culture.gouv.fr;Ministère de la Culture
*infos.pnr.gouv.fr;finances.gouv.fr;Migration DINUM
*umontpellier.fr;modernisation.gouv.fr;Ministère de l'Enseignement supérieur et de la Recherche
*creps-vichy.sports.gouv.fr;modernisation.gouv.fr;Ministère des Sports et des Jeux Olympiques et Paralympiques
*haut-rhin.gouv.fr;interieur.gouv.fr;Ministère de l'Intérieur
*ecole-air.fr;modernisation.gouv.fr;Migration DINUM
*ecologie-territoires.gouv.fr;developpement-durable.gouv.fr;Ministère de la Transition écologique, de l’Energie, du Climat et de la Prévention des risques
*ccsd.cnrs.fr;modernisation.gouv.fr;Ministère de l'Enseignement supérieur et de la Recherche
*mrccfr.eu;developpement-durable.gouv.fr;Ministère de la Transition écologique, de l’Energie, du Climat et de la Prévention des risques
*transformation.gouv.fr;modernisation.gouv.fr;Ministère de la Fonction publique, de la Simplification et de la Transformation de l’action publique
*bercybox.finances.gouv.fr;finances.gouv.fr;Ministères Economiques et Financiers
*diffusion.jeunesse-sports.gouv.fr;modernisation.gouv.fr;Ministère des Sports et des Jeux Olympiques et Paralympiques
*stagiaire.ira-bastia.gouv.fr;modernisation.gouv.fr;Ministère de la Fonction publique, de la Simplification et de la Transformation de l’action publique
*dreets.gouv.fr;modernisation.gouv.fr;Ministère du Travail et de l’Emploi
*commission-refugies.fr;diplomatie.gouv.fr;Ministère de l'Europe et des Affaires étrangères
*paris.gouv.fr;interieur.gouv.fr;Ministère de l'Intérieur
*ec-lyon.fr;modernisation.gouv.fr;Ministère de l'Enseignement supérieur et de la Recherche
*sdis65.fr;modernisation.gouv.fr;Ministère de l'Intérieur
*crce.senat.fr;modernisation.gouv.fr;Migration DINUM
*ftlvreunion.fr;modernisation.gouv.fr;Migration DINUM
*formation.gouv.fr;modernisation.gouv.fr;Migration DINUM
*pole-emploi.fr;modernisation.gouv.fr;Migration DINUM
*ac-nancy-metz.fr;modernisation.gouv.fr;Ministère de l’Education nationale
*campusfrance.org;diplomatie.gouv.fr;Ministère de l'Europe et des Affaires étrangères
*sdis79.fr;modernisation.gouv.fr;Ministère de l'Intérieur
*debatpublic.fr;modernisation.gouv.fr;Migration DINUM
*cps-stbarth.msa.fr;agriculture.gouv.fr;Ministère de l'Agriculture, de la Souveraineté alimentaire et de la Forêt
*cre.fr;modernisation.gouv.fr;Migration DINUM
*pompiers64.fr;modernisation.gouv.fr;Ministère de l'Intérieur
*vet-alfort.fr;agriculture.gouv.fr;Ministère de l'Agriculture, de la Souveraineté alimentaire et de la Forêt
*citedelarchitecture.fr;culture.gouv.fr;Ministère de la Culture
*ineris.fr;developpement-durable.gouv.fr;Ministère de la Transition écologique, de l’Energie, du Climat et de la Prévention des risques
*apa.gouv.fr;modernisation.gouv.fr;Migration DINUM
*agence-regionale-sante.gouv.fr;modernisation.gouv.fr;Ministère de la Santé et de l’Accès aux soins
*cohesion-territoires.gouv.fr;developpement-durable.gouv.fr;Ministère de la Transition écologique, de l’Energie, du Climat et de la Prévention des risques
*inserm.fr;modernisation.gouv.fr;Ministère de l'Enseignement supérieur et de la Recherche
*cotes-darmor.pref.gouv.fr;interieur.gouv.fr;Ministère de l'Intérieur
*universite-lyon.fr;modernisation.gouv.fr;Ministère de l'Enseignement supérieur et de la Recherche
*oppic.fr;culture.gouv.fr;Ministère de la Culture
*creps-montpellier.sports.gouv.fr;modernisation.gouv.fr;Ministère des Sports et des Jeux Olympiques et Paralympiques
*igas.gouv.fr;modernisation.gouv.fr;Migration DINUM
*univ-montp3.fr;modernisation.gouv.fr;Ministère de l'Enseignement supérieur et de la Recherche
*sdis45.fr;modernisation.gouv.fr;Ministère de l'Intérieur
*acal.gouv.fr;interieur.gouv.fr;Ministère de l'Intérieur
*ac-rennes.fr;modernisation.gouv.fr;Ministère de l’Education nationale
*france-bioinformatique.fr;modernisation.gouv.fr;Migration DINUM
*sdis21.fr;modernisation.gouv.fr;Ministère de l'Intérieur
*rhone.gouv.fr;interieur.gouv.fr;Ministère de l'Intérieur
*hci.gouv.fr;modernisation.gouv.fr;Migration DINUM
*charentes.msa.fr;agriculture.gouv.fr;Ministère de l'Agriculture, de la Souveraineté alimentaire et de la Forêt
*dordogne.gouv.fr;interieur.gouv.fr;Ministère de l'Intérieur
*giphabitat.org;developpement-durable.gouv.fr;Ministère de la Transition écologique, de l’Energie, du Climat et de la Prévention des risques
*doubs.gouv.fr;interieur.gouv.fr;Ministère de l'Intérieur
*mer.gouv.fr;modernisation.gouv.fr;Ministère de la Mer et de la Pêche
*ac-spm.fr;modernisation.gouv.fr;Ministère de l’Education nationale
*region-academique-ile-de-france.fr;modernisation.gouv.fr;Ministère de l’Education nationale
*applications.apie.gouv.fr;finances.gouv.fr;Ministères Economiques et Financiers
*service-public.fr;modernisation.gouv.fr;Premier ministre
*ifce.fr;agriculture.gouv.fr;Ministère de l'Agriculture, de la Souveraineté alimentaire et de la Forêt
*quaibranly.fr;culture.gouv.fr;Ministère de la Culture
*injep.fr;modernisation.gouv.fr;Migration DINUM
*univ-eiffel.fr;modernisation.gouv.fr;Ministère de l'Enseignement supérieur et de la Recherche
*eau-adour-garonne.fr;developpement-durable.gouv.fr;Ministère de la Transition écologique, de l’Energie, du Climat et de la Prévention des risques
*educagri.fr;agriculture.gouv.fr;Ministère de l'Agriculture, de la Souveraineté alimentaire et de la Forêt
*agencedusport.fr;modernisation.gouv.fr;Ministère des Sports et des Jeux Olympiques et Paralympiques
*sdis67.fr;modernisation.gouv.fr;Ministère de l'Intérieur
*region-academique-reunion.fr;modernisation.gouv.fr;Ministère de l’Education nationale
*sdis11.fr;modernisation.gouv.fr;Ministère de l'Intérieur
*bnf.fr;culture.gouv.fr;Ministère de la Culture
*atih.sante.fr;modernisation.gouv.fr;Ministère de la Santé et de l’Accès aux soins
*ensfea.fr;modernisation.gouv.fr;Ministère de l'Agriculture, de la Souveraineté alimentaire et de la Forêt
*villamedici.it;culture.gouv.fr;Ministère de la Culture
*has-sante.fr;modernisation.gouv.fr;Ministère de la Santé et de l’Accès aux soins
*pyrenees-parcnational.fr;developpement-durable.gouv.fr;Ministère de la Transition écologique, de l’Energie, du Climat et de la Prévention des risques
*telecom-paris.fr;finances.gouv.fr;Ministère de l'Enseignement supérieur et de la Recherche
*sports.gouv.fr;modernisation.gouv.fr;Ministère des Sports et des Jeux Olympiques et Paralympiques
*parisdescartes.fr;modernisation.gouv.fr;Ministère de l'Enseignement supérieur et de la Recherche
*nrbce.gouv.fr;modernisation.gouv.fr;Premier ministre
*ira-lyon.gouv.fr;modernisation.gouv.fr;Ministère de la Fonction publique, de la Simplification et de la Transformation de l’action publique
*cafbordeaux.cnafmail.fr;modernisation.gouv.fr;Migration DINUM
*clcf.gouv.fr;modernisation.gouv.fr;Migration DINUM
*sdis89.fr;modernisation.gouv.fr;Ministère de l'Intérieur
*metiersdugrandage.gouv.fr;modernisation.gouv.fr;Migration DINUM
*isere.gouv.fr;interieur.gouv.fr;Ministère de l'Intérieur
*seine-et-marne.gouv.fr;interieur.gouv.fr;Ministère de l'Intérieur
*student.ecp.fr;modernisation.gouv.fr;Migration DINUM
*ens.psl.eu;modernisation.gouv.fr;Ministère de l'Enseignement supérieur et de la Recherche
*sdis33.fr;modernisation.gouv.fr;Ministère de l'Intérieur
*caf89.caf.fr;modernisation.gouv.fr;Migration DINUM
*france-enfance-protegee.fr;modernisation.gouv.fr;Migration DINUM
*grenoble.archi.fr;culture.gouv.fr;Ministère de la Culture
*somme.gouv.fr;interieur.gouv.fr;Ministère de l'Intérieur
*hauts-de-seine.gouv.fr;interieur.gouv.fr;Ministère de l'Intérieur
*eleves.ira-bastia.gouv.fr;modernisation.gouv.fr;Ministère de la Fonction publique, de la Simplification et de la Transformation de l’action publique
*cenbg.in2p3.fr;modernisation.gouv.fr;Migration DINUM
*region-academique-aura.fr;modernisation.gouv.fr;Ministère de l’Education nationale
*sdis69.fr;modernisation.gouv.fr;Ministère de l'Intérieur
*bas-rhin.gouv.fr;interieur.gouv.fr;Ministère de l'Intérieur
*esante.gouv.fr;modernisation.gouv.fr;Ministère de la Santé et de l’Accès aux soins
*caf04.caf.fr;modernisation.gouv.fr;Migration DINUM
*cgss-guyane.fr;modernisation.gouv.fr;Migration DINUM
*loire-atlantique.gouv.fr;interieur.gouv.fr;Ministère de l'Intérieur
*carsat-am.fr;agriculture.gouv.fr;Ministère de l'Agriculture, de la Souveraineté alimentaire et de la Forêt
*vjs.gouv.fr;modernisation.gouv.fr;Migration DINUM
*atilf.fr;modernisation.gouv.fr;Migration DINUM
*ac-reims.fr;modernisation.gouv.fr;Ministère de l’Education nationale
*fonction-publique.gouv.fr;finances.gouv.fr;Ministère de la Fonction publique, de la Simplification et de la Transformation de l’action publique
*social.gouv.fr;modernisation.gouv.fr;Ministères sociaux - Secrétariat général
*creps-bordeaux.sports.gouv.fr;modernisation.gouv.fr;Ministère des Sports et des Jeux Olympiques et Paralympiques
*strategie.gouv.fr;modernisation.gouv.fr;Premier ministre
*glfl.edu.lb;diplomatie.gouv.fr;Ministère de l'Europe et des Affaires étrangères
*urssaf.fr;modernisation.gouv.fr;Migration DINUM
*telecom.gouv.fr;finances.gouv.fr;Ministère de l'Enseignement supérieur et de la Recherche
*irstea.fr;agriculture.gouv.fr;Ministère de l'Agriculture, de la Souveraineté alimentaire et de la Forêt
*asi-aeroports.fr;developpement-durable.gouv.fr;Ministère de la Transition écologique, de l’Energie, du Climat et de la Prévention des risques
*nievre.gouv.fr;interieur.gouv.fr;Ministère de l'Intérieur
*regis-dgac.net;developpement-durable.gouv.fr;Ministère de la Transition écologique, de l’Energie, du Climat et de la Prévention des risques
*efs.sante.fr;modernisation.gouv.fr;Ministère de la Santé et de l’Accès aux soins
*cnpf.fr;agriculture.gouv.fr;Ministère de l'Agriculture, de la Souveraineté alimentaire et de la Forêt
*institutfrancais-chine.com;diplomatie.gouv.fr;Ministère de l'Europe et des Affaires étrangères
*ac-versailles.fr;modernisation.gouv.fr;Ministère de l’Education nationale
*ipev.fr;modernisation.gouv.fr;Migration DINUM
*defenseurdesdroits.fr;modernisation.gouv.fr;Premier ministre
*stagiaire.ira-lille.gouv.fr;modernisation.gouv.fr;Ministère de la Fonction publique, de la Simplification et de la Transformation de l’action publique
*operadeparis.fr;culture.gouv.fr;Ministère de la Culture
*cnccep.fr;modernisation.gouv.fr;Migration DINUM
*cnrs.fr;modernisation.gouv.fr;Ministère de l'Enseignement supérieur et de la Recherche
*pointinfofamille.fr;modernisation.gouv.fr;Migration DINUM
*numerique.gouv.fr;modernisation.gouv.fr;Ministère de la Fonction publique, de la Simplification et de la Transformation de l’action publique
*renater.fr;modernisation.gouv.fr;Ministère de l'Enseignement supérieur et de la Recherche
*crous-creteil.fr;modernisation.gouv.fr;Ministère de l'Enseignement supérieur et de la Recherche
*u-pec.fr;modernisation.gouv.fr;Ministère de l'Enseignement supérieur et de la Recherche
*univ-paris-diderot.fr;modernisation.gouv.fr;Ministère de l'Enseignement supérieur et de la Recherche
*sdis35.fr;modernisation.gouv.fr;Ministère de l'Intérieur
*recherche.gouv.fr;modernisation.gouv.fr;Ministère de l'Enseignement supérieur et de la Recherche
*lorraine.msa.fr;agriculture.gouv.fr;Ministère de l'Agriculture, de la Souveraineté alimentaire et de la Forêt
*afa.gouv.fr;finances.gouv.fr;Ministères Economiques et Financiers
*crous-nice.fr;modernisation.gouv.fr;Ministère de l'Enseignement supérieur et de la Recherche
*cvtheque-ecologie.ader.gouv.fr;developpement-durable.gouv.fr;Ministère de la Transition écologique, de l’Energie, du Climat et de la Prévention des risques
*u-bourgogne.fr;modernisation.gouv.fr;Ministère de l'Enseignement supérieur et de la Recherche
*alpes-de-haute-provence.gouv.fr;interieur.gouv.fr;Ministère de l'Intérieur
*iga.interieur.gouv.fr;interieur.gouv.fr;Ministère de l'Intérieur
*inrap.fr;culture.gouv.fr;Ministère de la Culture
*dieccte.gouv.fr;modernisation.gouv.fr;Ministère du Travail et de l’Emploi
*uvsq.fr;modernisation.gouv.fr;Ministère de l'Enseignement supérieur et de la Recherche
*ensosp.fr;interieur.gouv.fr;Ministère de l'Intérieur
*personnesagees.gouv.fr;modernisation.gouv.fr;Ministère de la Santé et de l’Accès aux soins
*sdmis.fr;modernisation.gouv.fr;Migration DINUM
*civs.gouv.fr;modernisation.gouv.fr;Migration DINUM
*fpred.gouv.fr;modernisation.gouv.fr;Migration DINUM
*ademe.fr;developpement-durable.gouv.fr;Ministère de la Transition écologique, de l’Energie, du Climat et de la Prévention des risques
*var.dgccrf.finances.gouv.fr;dgccrf.finances.gouv.fr;Ministères Economiques et Financiers
*icmcb.cnrs.fr;modernisation.gouv.fr;Ministère de l'Enseignement supérieur et de la Recherche
*defense.gouv.fr;modernisation.gouv.fr;Ministère des Armées et des Anciens combattants
*beauxartsparis.fr;culture.gouv.fr;Ministère de la Culture
*assurance-maladie.gouv.fr;modernisation.gouv.fr;Ministère de la Santé et de l’Accès aux soins
*fpre.gouv.fr;modernisation.gouv.fr;Migration DINUM
*haute-marne.gouv.fr;interieur.gouv.fr;Ministère de l'Intérieur
*region-academique-pays-de-la-loire.fr;modernisation.gouv.fr;Ministère de l’Education nationale
*ensapc.fr;culture.gouv.fr;Ministère de la Culture
*terminologie.jeunesse-sports.gouv.fr;modernisation.gouv.fr;Ministère des Sports et des Jeux Olympiques et Paralympiques
*sdis57.fr;modernisation.gouv.fr;Ministère de l'Intérieur
*inrae.fr;modernisation.gouv.fr;Ministère de l'Enseignement supérieur et de la Recherche
*ign.fr;developpement-durable.gouv.fr;Ministère de la Transition écologique, de l’Energie, du Climat et de la Prévention des risques
*dr19.cnrs.fr;modernisation.gouv.fr;Ministère de l'Enseignement supérieur et de la Recherche
*ardechedromeloire.msa.fr;agriculture.gouv.fr;Ministère de l'Agriculture, de la Souveraineté alimentaire et de la Forêt
*autorite-transports.fr;modernisation.gouv.fr;Migration DINUM
*dr5.cnrs.fr;modernisation.gouv.fr;Ministère de l'Enseignement supérieur et de la Recherche
*seine-saint-denis.gouv.fr;interieur.gouv.fr;Ministère de l'Intérieur
*ac-corse.fr;modernisation.gouv.fr;Ministère de l’Education nationale
*sdis01.fr;modernisation.gouv.fr;Ministère de l'Intérieur
*sdis973.fr;modernisation.gouv.fr;Ministère de l'Intérieur
*iphc.cnrs.fr;modernisation.gouv.fr;Ministère de l'Enseignement supérieur et de la Recherche
*var.gouv.fr;interieur.gouv.fr;Ministère de l'Intérieur
*cndaspe.fr;developpement-durable.gouv.fr;Ministère de la Transition écologique, de l’Energie, du Climat et de la Prévention des risques
*cnctr.fr;modernisation.gouv.fr;Migration DINUM
*pas-de-calais.gouv.fr;interieur.gouv.fr;Ministère de l'Intérieur
*sdis82.fr;modernisation.gouv.fr;Ministère de l'Intérieur
*gironde.gouv.fr;interieur.gouv.fr;Ministère de l'Intérieur
*nouvelle-aquitaine.pref.gouv.fr;interieur.gouv.fr;Ministère de l'Intérieur
*asn.fr;modernisation.gouv.fr;Migration DINUM
*creps-reims.sports.gouv.fr;modernisation.gouv.fr;Ministère des Sports et des Jeux Olympiques et Paralympiques
*biep.gouv.fr;modernisation.gouv.fr;Premier ministre
*sante-famille-handicap.gouv.fr;modernisation.gouv.fr;Ministère de la Santé et de l’Accès aux soins
*reunion.gouv.fr;interieur.gouv.fr;Ministère de l'Intérieur
*clemi.fr;modernisation.gouv.fr;Migration DINUM
*stagiaire.epide.fr;modernisation.gouv.fr;Ministère des Armées et des Anciens combattants
*lal.in2p3.fr;modernisation.gouv.fr;Migration DINUM
*minefi.gouv.fr;finances.gouv.fr;Ministères Economiques et Financiers
*ladom.fr;interieur.gouv.fr;Ministère de l'Intérieur
*puy-de-dome.gouv.fr;interieur.gouv.fr;Ministère de l'Intérieur
*picardie.msa.fr;agriculture.gouv.fr;Ministère de l'Agriculture, de la Souveraineté alimentaire et de la Forêt
*csnp.fr;finances.gouv.fr;Ministères Economiques et Financiers
*douanes.finances.gouv.fr;douane.finances.gouv.fr;DGDDI - Direction générale des Douanes et Droits indirects
*carsat-mp.fr;modernisation.gouv.fr;Migration DINUM
*ancols.fr;modernisation.gouv.fr;Migration DINUM
*sdis13.fr;modernisation.gouv.fr;Ministère de l'Intérieur
*mpn.msa.fr;agriculture.gouv.fr;Ministère de l'Agriculture, de la Souveraineté alimentaire et de la Forêt
*haute-garonne.gouv.fr;interieur.gouv.fr;Ministère de l'Intérieur
*maia3.ader.gouv.fr;modernisation.gouv.fr;Premier ministre
*fiva.fr;modernisation.gouv.fr;Migration DINUM
*cidol.logement.gouv.fr;developpement-durable.gouv.fr;Ministère de la Transition écologique, de l’Energie, du Climat et de la Prévention des risques
*polynesie-francaise.gouv.fr;interieur.gouv.fr;Ministère de l'Intérieur
*exploitannuaire3.ader.gouv.fr;modernisation.gouv.fr;Premier ministre
*sdis59.fr;modernisation.gouv.fr;Ministère de l'Intérieur
*auvergne.msa.fr;agriculture.gouv.fr;Ministère de l'Agriculture, de la Souveraineté alimentaire et de la Forêt
*mps.msa.fr;agriculture.gouv.fr;Ministère de l'Agriculture, de la Souveraineté alimentaire et de la Forêt
*crous-montpellier.fr;modernisation.gouv.fr;Ministère de l'Enseignement supérieur et de la Recherche
*service-public.fr.preprod.ext.dila.fr;modernisation.gouv.fr;Premier ministre
*isae-supaero.fr;modernisation.gouv.fr;Ministère de l'Enseignement supérieur et de la Recherche
*coe.gouv.fr;modernisation.gouv.fr;Migration DINUM
*sdis80.fr;modernisation.gouv.fr;Ministère de l'Intérieur
*ladocumentationfrancaise.fr;modernisation.gouv.fr;Premier ministre
*sciencespo.fr;modernisation.gouv.fr;Ministère de l'Enseignement supérieur et de la Recherche
*imbe.fr;modernisation.gouv.fr;Migration DINUM
*ciep.fr;modernisation.gouv.fr;Migration DINUM
*ijclab.in2p3.fr;modernisation.gouv.fr;Migration DINUM
*studio-sircom.fr;finances.gouv.fr;Ministères Economiques et Financiers
*deux-sevres.gouv.fr;interieur.gouv.fr;Ministère de l'Intérieur
*creps-poitiers.sports.gouv.fr;modernisation.gouv.fr;Ministère des Sports et des Jeux Olympiques et Paralympiques
*insa-lyon.fr;modernisation.gouv.fr;Ministère de l'Enseignement supérieur et de la Recherche
*cncdh.fr;modernisation.gouv.fr;Migration DINUM
*france-universite-numerique.fr;modernisation.gouv.fr;Ministère de l'Enseignement supérieur et de la Recherche
*ara.gouv.fr;interieur.gouv.fr;Ministère de l'Intérieur
*sdis25.fr;modernisation.gouv.fr;Ministère de l'Intérieur
*univ-reims.fr;modernisation.gouv.fr;Ministère de l'Enseignement supérieur et de la Recherche
*cgss.re;modernisation.gouv.fr;Migration DINUM
*rdse.senat.fr;modernisation.gouv.fr;Migration DINUM
*iedom-ieom.fr;finances.gouv.fr;Ministères Economiques et Financiers
*ardeche.gouv.fr;interieur.gouv.fr;Ministère de l'Intérieur
*invalides.fr;modernisation.gouv.fr;Migration DINUM
*cab-emploi.gouv.fr;modernisation.gouv.fr;Ministère du Travail et de l’Emploi
*cgss973.msa.fr;modernisation.gouv.fr;Migration DINUM
*dsi.cnrs.fr;modernisation.gouv.fr;Ministère de l'Enseignement supérieur et de la Recherche
*amf.asso.fr;modernisation.gouv.fr;Migration DINUM
*carsat-centreouest.fr;modernisation.gouv.fr;Migration DINUM
*region-academique-corse.fr;modernisation.gouv.fr;Ministère de l’Education nationale
*promo53.ira-metz.gouv.fr;modernisation.gouv.fr;Ministère de la Fonction publique, de la Simplification et de la Transformation de l’action publique
*cotes-darmor.gouv.fr;interieur.gouv.fr;Ministère de l'Intérieur
*sdis70.fr;modernisation.gouv.fr;Ministère de l'Intérieur
*hautenormandie.msa.fr;agriculture.gouv.fr;Ministère de l'Agriculture, de la Souveraineté alimentaire et de la Forêt
*developpement-durable.gouv.fr;developpement-durable.gouv.fr;Ministère de la Transition écologique, de l’Energie, du Climat et de la Prévention des risques
*cpf.edu.lb;diplomatie.gouv.fr;Ministère de l'Europe et des Affaires étrangères
*univ-lyon2.fr;modernisation.gouv.fr;Ministère de l'Enseignement supérieur et de la Recherche
*cnda.juradm.fr;modernisation.gouv.fr;Ministère de l'Intérieur
*ac-amiens.fr;modernisation.gouv.fr;Ministère de l’Education nationale
*region-academique-mayotte.fr;modernisation.gouv.fr;Ministère de l’Education nationale
*museepicassoparis.fr;culture.gouv.fr;Ministère de la Culture
*dcstep.gouv.fr;interieur.gouv.fr;Ministère de l'Intérieur
*anct.gouv.fr;developpement-durable.gouv.fr;Ministère de la Transition écologique, de l’Energie, du Climat et de la Prévention des risques
*gic.gouv.fr;modernisation.gouv.fr;Premier ministre
*lpccaen.in2p3.fr;modernisation.gouv.fr;Migration DINUM
*alpesdunord.msa.fr;agriculture.gouv.fr;Ministère de l'Agriculture, de la Souveraineté alimentaire et de la Forêt
*sdis47.fr;modernisation.gouv.fr;Ministère de l'Intérieur
*sorbonne-universite.fr;modernisation.gouv.fr;Ministère de l'Enseignement supérieur et de la Recherche
*paris-lavillette.archi.fr;culture.gouv.fr;Ministère de la Culture
*vaucluse.gouv.fr;interieur.gouv.fr;Ministère de l'Intérieur
*univ-ubs.fr;modernisation.gouv.fr;Ministère de l'Enseignement supérieur et de la Recherche
*auvergne-rhone-alpes.gouv.fr;interieur.gouv.fr;Ministère de l'Intérieur
*externes.justice.gouv.fr;justice.gouv.fr;Ministère de la justice
*mongreta.fr;modernisation.gouv.fr;Ministère de l’Education nationale
*ecologie.gouv.fr;developpement-durable.gouv.fr;Ministère de la Transition écologique, de l’Energie, du Climat et de la Prévention des risques
*nantes.archi.fr;modernisation.gouv.fr;Ministère de la Culture
*epfprovencealpescotedazur.fr;developpement-durable.gouv.fr;Ministère de la Transition écologique, de l’Energie, du Climat et de la Prévention des risques
*lne.fr;finances.gouv.fr;Ministères Economiques et Financiers
*sdis92.fr;modernisation.gouv.fr;Ministère de l'Intérieur
*handicap.gouv.fr;modernisation.gouv.fr;Ministère de la Santé et de l’Accès aux soins
*equipement-agriculture.gouv.fr;interieur.gouv.fr;Ministère de l'Intérieur
*justice.fr;justice.gouv.fr;Ministère de la justice
*cnes.fr;modernisation.gouv.fr;Ministère de l'Enseignement supérieur et de la Recherche
*cnam.fr;modernisation.gouv.fr;Migration DINUM
*mercantour-parcnational.fr;developpement-durable.gouv.fr;Ministère de la Transition écologique, de l’Energie, du Climat et de la Prévention des risques
*montpellier.archi.fr;culture.gouv.fr;Ministère de la Culture
*cstb.fr;developpement-durable.gouv.fr;Ministère de la Transition écologique, de l’Energie, du Climat et de la Prévention des risques
*scn.rie.gouv.fr;modernisation.gouv.fr;Premier ministre
*ratp.fr;developpement-durable.gouv.fr;Ministère de la Transition écologique, de l’Energie, du Climat et de la Prévention des risques
*sudaquitaine.msa.fr;agriculture.gouv.fr;Ministère de l'Agriculture, de la Souveraineté alimentaire et de la Forêt
*ac-aix-marseille.fr;modernisation.gouv.fr;Ministère de l’Education nationale
*crhea.cnrs.fr;modernisation.gouv.fr;Ministère de l'Enseignement supérieur et de la Recherche
*clb.senat.fr;modernisation.gouv.fr;Migration DINUM
*ain-rhone.msa.fr;agriculture.gouv.fr;Ministère de l'Agriculture, de la Souveraineté alimentaire et de la Forêt
*carsat-bretagne.fr;modernisation.gouv.fr;Migration DINUM
*onera.fr;modernisation.gouv.fr;Migration DINUM
*sdis72.fr;modernisation.gouv.fr;Ministère de l'Intérieur
*tc-paris.org;justice.gouv.fr;Ministère de la justice
*mnhn.fr;culture.gouv.fr;Ministère de la Culture
*conservatoire-du-littoral.fr;developpement-durable.gouv.fr;Ministère de la Transition écologique, de l’Energie, du Climat et de la Prévention des risques
*ensa-dijon.fr;culture.gouv.fr;Ministère de la Culture
*inetum.world;modernisation.gouv.fr;Migration DINUM
*unistra.fr;modernisation.gouv.fr;Ministère de l'Enseignement supérieur et de la Recherche
*ariege.gouv.fr;interieur.gouv.fr;Ministère de l'Intérieur
*vosges.gouv.fr;interieur.gouv.fr;Ministère de l'Intérieur
*internet-mineurs.gouv.fr;interieur.gouv.fr;Ministère de l'Intérieur
*sdis03.fr;modernisation.gouv.fr;Ministère de l'Intérieur
*epora.fr;finances.gouv.fr;Ministères Economiques et Financiers
*eleve.ira-lyon.gouv.fr;modernisation.gouv.fr;Ministère de la Fonction publique, de la Simplification et de la Transformation de l’action publique
*agence-regionale-sante.fr;modernisation.gouv.fr;Ministère de la Santé et de l’Accès aux soins
*sdis49.fr;modernisation.gouv.fr;Ministère de l'Intérieur
*sdis84.fr;modernisation.gouv.fr;Ministère de l'Intérieur
*region-academique-hauts-de-france.fr;modernisation.gouv.fr;Ministère de l’Education nationale
*cicrp.fr;culture.gouv.fr;Ministère de la Culture
*eau-rhin-meuse.fr;developpement-durable.gouv.fr;Ministère de la Transition écologique, de l’Energie, du Climat et de la Prévention des risques
*tarn-et-garonne.gouv.fr;interieur.gouv.fr;Ministère de l'Intérieur
*univ-poitiers.fr;modernisation.gouv.fr;Ministère de l'Enseignement supérieur et de la Recherche
*ensta-paristech.fr;modernisation.gouv.fr;Ministère de l'Enseignement supérieur et de la Recherche
*cdc-habitat.fr;modernisation.gouv.fr;Migration DINUM
*formulaires.ader.gouv.fr;modernisation.gouv.fr;Premier ministre
*sdis60.fr;modernisation.gouv.fr;Ministère de l'Intérieur
*univ-reunion.fr;modernisation.gouv.fr;Ministère de l'Enseignement supérieur et de la Recherche
*bnu.fr;modernisation.gouv.fr;Ministère de l'Enseignement supérieur et de la Recherche
*aisne.gouv.fr;interieur.gouv.fr;Ministère de l'Intérieur
*sdis15.fr;modernisation.gouv.fr;Ministère de l'Intérieur
*dgtresor.gouv.fr;finances.gouv.fr;Ministères Economiques et Financiers
*ira-metz.gouv.fr;modernisation.gouv.fr;Ministère de la Fonction publique, de la Simplification et de la Transformation de l’action publique
*agencebio.org;agriculture.gouv.fr;Ministère de l'Agriculture, de la Souveraineté alimentaire et de la Forêt
*gard.gouv.fr;interieur.gouv.fr;Ministère de l'Intérieur
*dgcl.gouv.fr;developpement-durable.gouv.fr;Ministère de la Transition écologique, de l’Energie, du Climat et de la Prévention des risques
*diplo.gouv.fr;diplomatie.gouv.fr;Ministère de l'Europe et des Affaires étrangères
*univ-nantes.fr;modernisation.gouv.fr;Ministère de l'Enseignement supérieur et de la Recherche
*institutfrancais.jp;diplomatie.gouv.fr;Ministère de l'Europe et des Affaires étrangères
*pix.fr;modernisation.gouv.fr;Ministère de la Fonction publique, de la Simplification et de la Transformation de l’action publique
*promo55.ira-metz.gouv.fr;modernisation.gouv.fr;Ministère de la Fonction publique, de la Simplification et de la Transformation de l’action publique
*ensp-arles.fr;culture.gouv.fr;Ministère de la Culture
*univ-tlse3.fr;modernisation.gouv.fr;Ministère de l'Enseignement supérieur et de la Recherche
*agriculture.fr;agriculture.gouv.fr;Ministère de l'Agriculture, de la Souveraineté alimentaire et de la Forêt
*hautconseildesbiotechnologies.fr;developpement-durable.gouv.fr;Ministère de la Transition écologique, de l’Energie, du Climat et de la Prévention des risques
*justice.gouv.fr;justice.gouv.fr;Ministère de la justice
*frenchculture.org;diplomatie.gouv.fr;Ministère de l'Europe et des Affaires étrangères
*alpes-maritimes.gouv.fr;interieur.gouv.fr;Ministère de l'Intérieur
*cea.fr;modernisation.gouv.fr;Ministère de l'Enseignement supérieur et de la Recherche
*theatre-odeon.fr;culture.gouv.fr;Ministère de la Culture
*europolhq.net;interieur.gouv.fr;Ministère de l'Intérieur
*sdis976.fr;modernisation.gouv.fr;Ministère de l'Intérieur
*stagiare.ira-nantes.gouv.fr;modernisation.gouv.fr;Ministère de la Fonction publique, de la Simplification et de la Transformation de l’action publique
*epaf.asso.fr;finances.gouv.fr;Migration DINUM
*sdis37.fr;modernisation.gouv.fr;Ministère de l'Intérieur
*diffusion.minefi.gouv.fr;finances.gouv.fr;Ministères Economiques et Financiers
*univ-rennes1.fr;modernisation.gouv.fr;Ministère de l'Enseignement supérieur et de la Recherche
*transports.gouv.fr;developpement-durable.gouv.fr;Ministère de la Transition écologique, de l’Energie, du Climat et de la Prévention des risques
*conseil-etat.fr;modernisation.gouv.fr;Migration DINUM
*sdis27.fr;modernisation.gouv.fr;Ministère de l'Intérieur
*ira-nantes.gouv.fr;modernisation.gouv.fr;Ministère de la Fonction publique, de la Simplification et de la Transformation de l’action publique
*ac-clermont.fr;modernisation.gouv.fr;Ministère de l'Education nationale
*ars.gouv.fr;modernisation.gouv.fr;Ministère de la Santé et de l’Accès aux soins
*ardennes.gouv.fr;interieur.gouv.fr;Ministère de l'Intérieur
*ambafrance-euc.fr;diplomatie.gouv.fr;Ministère de l'Europe et des Affaires étrangères
*haute-corse.gouv.fr;interieur.gouv.fr;Ministère de l'Intérieur
*sdis62.fr;modernisation.gouv.fr;Ministère de l'Intérieur
*llr.in2p3.fr;modernisation.gouv.fr;Migration DINUM
*intranet-sdis11.fr;modernisation.gouv.fr;Ministère de l'Intérieur
*feddf.gouv.fr;modernisation.gouv.fr;Migration DINUM
*cbcm.social.gouv.fr;finances.gouv.fr;Ministères sociaux - Secrétariat général
*csa.fr;modernisation.gouv.fr;Migration DINUM
*ssi.gouv.fr;modernisation.gouv.fr;Premier ministre
*sorbonne-paris-nord.fr;modernisation.gouv.fr;Ministère de l'Enseignement supérieur et de la Recherche
*mucem.org;culture.gouv.fr;Ministère de la Culture
*transparence-sante.gouv.fr;modernisation.gouv.fr;Ministère de la Santé et de l’Accès aux soins
*lrem.senat.fr;modernisation.gouv.fr;Migration DINUM
*unif.fr;modernisation.gouv.fr;Migration DINUM
*musee-rodin.fr;culture.gouv.fr;Ministère de la Culture
*ensba.fr;culture.gouv.fr;Ministère de la Culture
*inpi.fr;finances.gouv.fr;Ministères Economiques et Financiers
*yvelines.gouv.fr;interieur.gouv.fr;Ministère de l'Intérieur
*creps-pdl.sports.gouv.fr;modernisation.gouv.fr;Ministère des Sports et des Jeux Olympiques et Paralympiques
*anses.fr;agriculture.gouv.fr;Ministère de l'Agriculture, de la Souveraineté alimentaire et de la Forêt
*creps-toulouse.sports.gouv.fr;modernisation.gouv.fr;Ministère des Sports et des Jeux Olympiques et Paralympiques
*sdis39.fr;modernisation.gouv.fr;Ministère de l'Intérieur
*inao.gouv.fr;agriculture.gouv.fr;Ministère de l'Agriculture, de la Souveraineté alimentaire et de la Forêt
*anr.fr;modernisation.gouv.fr;Ministère de l'Enseignement supérieur et de la Recherche
*sdis94.fr;modernisation.gouv.fr;Ministère de l'Intérieur
*aube.gouv.fr;interieur.gouv.fr;Ministère de l'Intérieur
*crous-lyon.fr;modernisation.gouv.fr;Ministère de l'Enseignement supérieur et de la Recherche
*loiret.gouv.fr;interieur.gouv.fr;Ministère de l'Intérieur
*sdis50.fr;modernisation.gouv.fr;Ministère de l'Intérieur
*alsace.msa.fr;agriculture.gouv.fr;Ministère de l'Agriculture, de la Souveraineté alimentaire et de la Forêt
*caf.fr;modernisation.gouv.fr;Migration DINUM
*subatech.in2p3.fr;modernisation.gouv.fr;Migration DINUM
*externes.sg.social.gouv.fr;modernisation.gouv.fr;Ministères sociaux - Secrétariat général
*ac-nice.fr;modernisation.gouv.fr;Ministère de l’Education nationale
*eaurmc.fr;developpement-durable.gouv.fr;Ministère de la Transition écologique, de l’Energie, du Climat et de la Prévention des risques
*ens.fr;modernisation.gouv.fr;Ministère de l'Enseignement supérieur et de la Recherche
*vendee.gouv.fr;interieur.gouv.fr;Ministère de l'Intérieur
*cgss972.msa.fr;modernisation.gouv.fr;Ministère de l'Agriculture, de la Souveraineté alimentaire et de la Forêt
*def.gouv.fr;modernisation.gouv.fr;Ministère des Armées et des Anciens combattants
*eleve.ira-lille.fr;modernisation.gouv.fr;Ministère de la Fonction publique, de la Simplification et de la Transformation de l’action publique
*ac-caen.fr;modernisation.gouv.fr;Ministère de l’Education nationale
*memoiresante.gouv.fr;modernisation.gouv.fr;Ministère de la Santé et de l’Accès aux soins
*cafnantes.cnafmail.fr;modernisation.gouv.fr;Migration DINUM
*sdis05.fr;modernisation.gouv.fr;Ministère de l'Intérieur
*ifpen.fr;finances.gouv.fr;Ministères Economiques et Financiers
*latmos.ipsl.fr;modernisation.gouv.fr;Ministère de l'Enseignement supérieur et de la Recherche
*biodiversite.gouv.fr;developpement-durable.gouv.fr;Ministère de la Transition écologique, de l’Energie, du Climat et de la Prévention des risques
*ipno.in2p3.fr;modernisation.gouv.fr;Migration DINUM
*dauphine.psl.eu;modernisation.gouv.fr;Ministère de l'Enseignement supérieur et de la Recherche
*carsat-aquitaine.fr;modernisation.gouv.fr;Migration DINUM
*h3c.org;modernisation.gouv.fr;Migration DINUM
*eleve.ira-bastia.gouv.fr;modernisation.gouv.fr;Ministère de la Fonction publique, de la Simplification et de la Transformation de l’action publique
*region-academique-guadeloupe.fr;modernisation.gouv.fr;Ministère de l’Education nationale
*conseil-concurrence.fr;finances.gouv.fr;Ministères Economiques et Financiers
*occitanie.gouv.fr;interieur.gouv.fr;Ministère de l'Intérieur
*contribution.gouv.fr;modernisation.gouv.fr;Migration DINUM
*pm.ader.gouv.fr;modernisation.gouv.fr;Premier ministre
*ensa-limoges.fr;culture.gouv.fr;Ministère de la Culture
*iminidco.gouv.fr;interieur.gouv.fr;Ministère de l'Intérieur
*mayotte.pref.gouv.fr;interieur.gouv.fr;Ministère de l'Intérieur
*uha.fr;modernisation.gouv.fr;Migration DINUM
*sdis52.fr;modernisation.gouv.fr;Ministère de l'Intérieur
*carsat-sudest.fr;modernisation.gouv.fr;Migration DINUM
*tourisme.gouv.fr;developpement-durable.gouv.fr;Ministère de la Transition écologique, de l’Energie, du Climat et de la Prévention des risques
*dlg.msa.fr;agriculture.gouv.fr;Ministère de l'Agriculture, de la Souveraineté alimentaire et de la Forêt
*provence-azur.msa.fr;agriculture.gouv.fr;Ministère de l'Agriculture, de la Souveraineté alimentaire et de la Forêt
*hautconseilclimat.fr;modernisation.gouv.fr;Ministère de la Transition écologique, de l’Energie, du Climat et de la Prévention des risques
*lapp.in2p3.fr;modernisation.gouv.fr;Migration DINUM
*creps-lorraine.sports.gouv.fr;modernisation.gouv.fr;Ministère des Sports et des Jeux Olympiques et Paralympiques
*ac-nantes.fr;modernisation.gouv.fr;Ministère de l’Education nationale
*travail.gouv.fr;modernisation.gouv.fr;Ministère du Travail et de l’Emploi
*sdis17.fr;modernisation.gouv.fr;Ministère de l'Intérieur
*spm975.gouv.fr;interieur.gouv.fr;Ministère de l'Intérieur
*univ-paris1.fr;modernisation.gouv.fr;Ministère de l'Enseignement supérieur et de la Recherche
*ac-strasbourg.fr;modernisation.gouv.fr;Ministère de l’Education nationale
*inhesj.fr;modernisation.gouv.fr;Migration DINUM
*poitou.msa.fr;agriculture.gouv.fr;Ministère de l'Agriculture, de la Souveraineté alimentaire et de la Forêt
*univ-amu.fr;modernisation.gouv.fr;Ministère de l'Enseignement supérieur et de la Recherche
*rouen.archi.fr;culture.gouv.fr;Ministère de la Culture
*univ-evry.fr;modernisation.gouv.fr;Ministère de l'Enseignement supérieur et de la Recherche
*agroparistech.fr;agriculture.gouv.fr;Ministère de l'Agriculture, de la Souveraineté alimentaire et de la Forêt
*comedie-francaise.org;culture.gouv.fr;Ministère de la Culture
*agriculture-equipement.gouv.fr;developpement-durable.gouv.fr;Ministère de la Transition écologique, de l’Energie, du Climat et de la Prévention des risques
*assemblee-afe.fr;diplomatie.gouv.fr;Ministère de l'Europe et des Affaires étrangères
*aviation-civile.gouv.fr;developpement-durable.gouv.fr;Ministère de la Transition écologique, de l’Energie, du Climat et de la Prévention des risques
*univ-lille.fr;modernisation.gouv.fr;Ministère de l'Enseignement supérieur et de la Recherche
*ille-et-vilaine.pref.gouv.fr;interieur.gouv.fr;Ministère de l'Intérieur
*haute-saone.gouv.fr;interieur.gouv.fr;Ministère de l'Intérieur
*anah.gouv.fr;developpement-durable.gouv.fr;Ministère de la Transition écologique, de l’Energie, du Climat et de la Prévention des risques
*arb-na.fr;developpement-durable.gouv.fr;Ministère de la Transition écologique, de l’Energie, du Climat et de la Prévention des risques
*crenau.archi.fr;modernisation.gouv.fr;Ministère de la Culture
*notification.service-public.fr;modernisation.gouv.fr;Premier ministre
*ena.fr;modernisation.gouv.fr;Ministère de la Fonction publique, de la Simplification et de la Transformation de l’action publique
*ofii.fr;interieur.gouv.fr;Ministère de l'Intérieur
*ibcp.fr;modernisation.gouv.fr;Migration DINUM
*ac-besancon.fr;modernisation.gouv.fr;Ministère de l’Education nationale
*omega.in2p3.fr;modernisation.gouv.fr;Migration DINUM
*agence-erasmus.fr;modernisation.gouv.fr;Ministère de l'Enseignement supérieur et de la Recherche
*marnelavallee.archi.fr;culture.gouv.fr;Ministère de la Culture
*sdis29.fr;modernisation.gouv.fr;Ministère de l'Intérieur
*afpa.fr;modernisation.gouv.fr;Ministère du Travail et de l’Emploi
*musee-henner.fr;culture.gouv.fr;Ministère de la Culture
*apie.gouv.fr;finances.gouv.fr;Ministères Economiques et Financiers
*maine-et-loire.gouv.fr;interieur.gouv.fr;Ministère de l'Intérieur
*agrocampus-ouest.fr;agriculture.gouv.fr;Ministère de l'Agriculture, de la Souveraineté alimentaire et de la Forêt
*exploitannuaire.ader.gouv.fr;modernisation.gouv.fr;Premier ministre
*iut-tarbes.fr;modernisation.gouv.fr;Ministère de l'Enseignement supérieur et de la Recherche
*musee-orangerie.fr;culture.gouv.fr;Ministère de la Culture
*ehesp.fr;modernisation.gouv.fr;Migration DINUM
*sdis74.fr;modernisation.gouv.fr;Ministère de l'Intérieur
*cgss-martinique.fr;modernisation.gouv.fr;Migration DINUM
*unilim.fr;modernisation.gouv.fr;Ministère de l'Enseignement supérieur et de la Recherche
*univ-brest.fr;modernisation.gouv.fr;Ministère de l'Enseignement supérieur et de la Recherche
*eelv.senat.fr;modernisation.gouv.fr;Migration DINUM
*univ-pau.fr;modernisation.gouv.fr;Ministère de l'Enseignement supérieur et de la Recherche
*admin.in2p3.fr;modernisation.gouv.fr;Migration DINUM
*afd.fr;finances.gouv.fr;Ministères Economiques et Financiers
*haute-vienne.gouv.fr;interieur.gouv.fr;Ministère de l'Intérieur
*stagiaire.ira-lyon.gouv.fr;modernisation.gouv.fr;Ministère de la Fonction publique, de la Simplification et de la Transformation de l’action publique
*villa-arson.org;culture.gouv.fr;Ministère de la Culture
*u-paris2.fr;modernisation.gouv.fr;Ministère de l'Enseignement supérieur et de la Recherche
*mines-albi.fr;finances.gouv.fr;Ministères Economiques et Financiers
*univ-antilles.fr;modernisation.gouv.fr;Ministère de l'Enseignement supérieur et de la Recherche
*clermont.in2p3.fr;modernisation.gouv.fr;Ministère de l'Enseignement supérieur et de la Recherche
*ira-lille.fr;modernisation.gouv.fr;Ministère de la Fonction publique, de la Simplification et de la Transformation de l’action publique
*bretagne.chambagri.fr;agriculture.gouv.fr;Ministère de l'Agriculture, de la Souveraineté alimentaire et de la Forêt
*sdis40.fr;modernisation.gouv.fr;Ministère de l'Intérieur
*sarthe.gouv.fr;interieur.gouv.fr;Ministère de l'Intérieur
*dir-cnrs.fr;modernisation.gouv.fr;Ministère de l'Enseignement supérieur et de la Recherche
*ville-jeunesse-sports.gouv.fr;modernisation.gouv.fr;Ministère des Sports et des Jeux Olympiques et Paralympiques
*apca.chambagri.fr;agriculture.gouv.fr;Ministère de l'Agriculture, de la Souveraineté alimentaire et de la Forêt
*ira-lille.gouv.fr;modernisation.gouv.fr;Ministère de la Fonction publique, de la Simplification et de la Transformation de l’action publique
*crous-reunionmayotte.fr;modernisation.gouv.fr;Ministère de l'Enseignement supérieur et de la Recherche
*cnrs-dir.fr;modernisation.gouv.fr;Ministère de l'Enseignement supérieur et de la Recherche
*sgdsn.gouv.fr;modernisation.gouv.fr;Premier ministre
*musee-orsay.fr;culture.gouv.fr;Ministère de la Culture
*attachefiscal.org;finances.gouv.fr;Migration DINUM
*imt-mines-albi.fr;finances.gouv.fr;Ministère de l'Enseignement supérieur et de la Recherche
*cote-dor.gouv.fr;interieur.gouv.fr;Ministère de l'Intérieur
*hautes-alpes.gouv.fr;interieur.gouv.fr;Ministère de l'Intérieur
*ain.chambagri.fr;agriculture.gouv.fr;Ministère de l'Agriculture, de la Souveraineté alimentaire et de la Forêt
*ut-capitole.fr;modernisation.gouv.fr;Ministère de l'Enseignement supérieur et de la Recherche
*djscs.gouv.fr;modernisation.gouv.fr;Ministère des Sports et des Jeux Olympiques et Paralympiques
*ape.gouv.fr;finances.gouv.fr;Ministères Economiques et Financiers
*ac-dijon.fr;modernisation.gouv.fr;Ministère de l’Education nationale
*jeunesse-solidarites-actives.gouv.fr;modernisation.gouv.fr;Ministère du Travail et de l’Emploi
*economie-solidaire.gouv.fr;modernisation.gouv.fr;Migration DINUM
*carsat-pl.fr;modernisation.gouv.fr;Migration DINUM
*centralesupelec.fr;modernisation.gouv.fr;Ministère de l'Enseignement supérieur et de la Recherche
*alpesvaucluse.msa.fr;agriculture.gouv.fr;Ministère de l'Agriculture, de la Souveraineté alimentaire et de la Forêt
*dgccrf.finances.gouv.fr;dgccrf.finances.gouv.fr;Ministères Economiques et Financiers
*clb-an.fr;modernisation.gouv.fr;Migration DINUM
*epide.fr;modernisation.gouv.fr;Ministère des Armées et des Anciens combattants
*droits-femmes.gouv.fr;modernisation.gouv.fr;Migration DINUM
*nouvelle-caledonie.gouv.fr;interieur.gouv.fr;Ministère de l'Intérieur
*sdis76.fr;modernisation.gouv.fr;Ministère de l'Intérieur
*sdis974.re;modernisation.gouv.fr;Ministère de l'Intérieur
*sdis07.fr;modernisation.gouv.fr;Ministère de l'Intérieur
*mam.msa.fr;agriculture.gouv.fr;Ministère de l'Agriculture, de la Souveraineté alimentaire et de la Forêt
*ganil.fr;modernisation.gouv.fr;Migration DINUM
*region-academique-nouvelle-aquitaine.fr;modernisation.gouv.fr;Ministère de l’Education nationale
*ipsl.fr;modernisation.gouv.fr;Ministère de l'Enseignement supérieur et de la Recherche
*haute-savoie.gouv.fr;interieur.gouv.fr;Ministère de l'Intérieur
*loire.gouv.fr;interieur.gouv.fr;Ministère de l'Intérieur
*polytechnique.edu;modernisation.gouv.fr;Ministère de l'Enseignement supérieur et de la Recherche
*externe.epide.fr;modernisation.gouv.fr;Ministère des Armées et des Anciens combattants
*sciencespo-toulouse.fr;modernisation.gouv.fr;Ministère de l'Enseignement supérieur et de la Recherche
*universcience.fr;modernisation.gouv.fr;Ministère de l'Enseignement supérieur et de la Recherche
*sdis42.fr;modernisation.gouv.fr;Ministère de l'Intérieur
*crtc.ccomptes.fr;modernisation.gouv.fr;Cour des Comptes
*senat.fr;modernisation.gouv.fr;Migration DINUM
*lecese.fr;modernisation.gouv.fr;Migration DINUM
*ihedn.fr;modernisation.gouv.fr;Ministère des Armées et des Anciens combattants
*esante.si-samu.fr;modernisation.gouv.fr;Ministère de la Santé et de l’Accès aux soins
*acnusa.fr;developpement-durable.gouv.fr;Ministère de la Transition écologique, de l’Energie, du Climat et de la Prévention des risques
*cirad.fr;modernisation.gouv.fr;Ministère de l'Enseignement supérieur et de la Recherche
*cab-ville.gouv.fr;modernisation.gouv.fr;Ministère de la Transition écologique, de l’Energie, du Climat et de la Prévention des risques
*pays-de-la-loire.gouv.fr;interieur.gouv.fr;Ministère de l'Intérieur
*aude.chambagri.fr;agriculture.gouv.fr;Ministère de l'Agriculture, de la Souveraineté alimentaire et de la Forêt
*jura.gouv.fr;interieur.gouv.fr;Ministère de l'Intérieur
*crous-nantes.fr;modernisation.gouv.fr;Ministère de l'Enseignement supérieur et de la Recherche
*martinique.pref.gouv.fr;interieur.gouv.fr;Ministère de l'Intérieur
*femis.fr;culture.gouv.fr;Ministère de la Culture
*decentralisation.gouv.fr;interieur.gouv.fr;Ministère de l'Intérieur
*beta.gouv.fr;modernisation.gouv.fr;Ministère de la Fonction publique, de la Simplification et de la Transformation de l’action publique
*centrale-marseille.fr;modernisation.gouv.fr;Ministère de l'Enseignement supérieur et de la Recherche
*lot.gouv.fr;interieur.gouv.fr;Ministère de l'Intérieur
*francetravail.fr;modernisation.gouv.fr;France Travail
*sdis64.fr;modernisation.gouv.fr;Ministère de l'Intérieur
*region-academique-paca.fr;modernisation.gouv.fr;Ministère de l’Education nationale
*travail-sante.gouv.fr;modernisation.gouv.fr;Ministère du Travail et de l’Emploi
*inha.fr;culture.gouv.fr;Ministère de la Culture
*enseignementsup.gouv.fr;modernisation.gouv.fr;Ministère de l'Enseignement supérieur et de la Recherche
*prestataires.agriculture.gouv.fr;agriculture.gouv.fr;Ministère de l'Agriculture, de la Souveraineté alimentaire et de la Forêt
*sdis19.fr;modernisation.gouv.fr;Ministère de l'Intérieur
*consulfrance-jerusalem.org;diplomatie.gouv.fr;Ministère de l'Europe et des Affaires étrangères
*territoire-de-belfort.gouv.fr;interieur.gouv.fr;Ministère de l'Intérieur
*rmngp.fr;culture.gouv.fr;Ministère de la Culture
*service-eco.fr;finances.gouv.fr;Ministères Economiques et Financiers
*access42.net;modernisation.gouv.fr;Migration DINUM
*amue.fr;modernisation.gouv.fr;Ministère de l'Enseignement supérieur et de la Recherche
*acoss.fr;modernisation.gouv.fr;Migration DINUM
*sdis30.fr;modernisation.gouv.fr;Ministère de l'Intérieur
*supagro.fr;agriculture.gouv.fr;Ministère de l'Agriculture, de la Souveraineté alimentaire et de la Forêt
*cnm.fr;culture.gouv.fr;Ministère de la Culture
*cnaf.fr;modernisation.gouv.fr;Migration DINUM
*odeadom.fr;agriculture.gouv.fr;Ministère de l'Agriculture, de la Souveraineté alimentaire et de la Forêt
*ac-guadeloupe.fr;modernisation.gouv.fr;Ministère de l’Education nationale
*hautes-pyrenees.gouv.fr;interieur.gouv.fr;Ministère de l'Intérieur
*oise.gouv.fr;interieur.gouv.fr;Ministère de l'Intérieur
*reforme-territoriale.gouv.fr;finances.gouv.fr;Migration DINUM
*ci.handicap.gouv.fr;modernisation.gouv.fr;Ministère de la Santé et de l’Accès aux soins
*univ-grenoble-alpes.fr;modernisation.gouv.fr;Ministère de l'Enseignement supérieur et de la Recherche
*ecole-navale.fr;modernisation.gouv.fr;Ministère des Armées et des Anciens combattants
*creps-paca.sports.gouv.fr;modernisation.gouv.fr;Ministère des Sports et des Jeux Olympiques et Paralympiques
*ain.gouv.fr;interieur.gouv.fr;Ministère de l'Intérieur
*nord.gouv.fr;interieur.gouv.fr;Ministère de l'Intérieur
*ac-paris.fr;modernisation.gouv.fr;Ministère de l’Education nationale
*cher.gouv.fr;interieur.gouv.fr;Ministère de l'Intérieur
*stagiaire.ira-nantes.fr;modernisation.gouv.fr;Ministère de la Fonction publique, de la Simplification et de la Transformation de l’action publique
*sdis08.com;modernisation.gouv.fr;Ministère de l'Intérieur
*mail.numerique.gouv.fr;modernisation.gouv.fr;Ministère de la Fonction publique, de la Simplification et de la Transformation de l’action publique
*fete-gastronomie.fr;finances.gouv.fr;Migration DINUM
*ofb.gouv.fr;developpement-durable.gouv.fr;Ministère de la Transition écologique, de l’Energie, du Climat et de la Prévention des risques
*social-sante.gouv.fr;modernisation.gouv.fr;Ministère du Travail et de l’Emploi
*parisnanterre.fr;modernisation.gouv.fr;Ministère de l'Enseignement supérieur et de la Recherche
*ccmsa.msa.fr;agriculture.gouv.fr;Ministère de l'Agriculture, de la Souveraineté alimentaire et de la Forêt
*action-publique.gouv.fr;finances.gouv.fr;Ministère de la Fonction publique, de la Simplification et de la Transformation de l’action publique
*sorbonne-nouvelle.fr;modernisation.gouv.fr;Ministère de l'Enseignement supérieur et de la Recherche
*scl.finances.fr;finances.gouv.fr;Ministères Economiques et Financiers
*cantal.gouv.fr;interieur.gouv.fr;Ministère de l'Intérieur
*conseil-constitutionnel.fr;modernisation.gouv.fr;Migration DINUM
*frenchmobility.fr;developpement-durable.gouv.fr;Ministère de la Transition écologique, de l’Energie, du Climat et de la Prévention des risques
*institutfrancais-malabo.org;diplomatie.gouv.fr;Ministère de l'Europe et des Affaires étrangères
*morbihan.gouv.fr;interieur.gouv.fr;Ministère de l'Intérieur
*sante-jeunesse-sports.gouv.fr;modernisation.gouv.fr;Ministère des Sports et des Jeux Olympiques et Paralympiques
*sdis20.fr;modernisation.gouv.fr;Ministère de l'Intérieur
*igesr.gouv.fr;modernisation.gouv.fr;Ministère de l'Enseignement supérieur et de la Recherche
*cc.in2p3.fr;modernisation.gouv.fr;Ministère de l'Enseignement supérieur et de la Recherche
*societedugrandparis.fr;developpement-durable.gouv.fr;Ministère de la Transition écologique, de l’Energie, du Climat et de la Prévention des risques
*hcfp.fr;modernisation.gouv.fr;Migration DINUM
*cnr-elysee.fr;modernisation.gouv.fr;Migration DINUM
*sdis78.fr;modernisation.gouv.fr;Ministère de l'Intérieur
*territoires-industrie.gouv.fr;finances.gouv.fr;Ministères Economiques et Financiers
*grand-est.gouv.fr;interieur.gouv.fr;Ministère de l'Intérieur
*cglls.fr;developpement-durable.gouv.fr;Ministère de la Transition écologique, de l’Energie, du Climat et de la Prévention des risques
*sdis32.fr;modernisation.gouv.fr;Ministère de l'Intérieur
*univ-paris13.fr;modernisation.gouv.fr;Ministère de l'Enseignement supérieur et de la Recherche
*univ-angers.fr;modernisation.gouv.fr;Ministère de l'Enseignement supérieur et de la Recherche
*normandie.chambagri.fr;agriculture.gouv.fr;Ministère de l'Agriculture, de la Souveraineté alimentaire et de la Forêt
*drieets.gouv.fr;modernisation.gouv.fr;Ministère du Travail et de l’Emploi
*juradm.fr;modernisation.gouv.fr;Ministère de l'Intérieur
*bpi.fr;culture.gouv.fr;Ministère de la Culture
*oncfs.gouv.fr;developpement-durable.gouv.fr;Ministère de la Transition écologique, de l’Energie, du Climat et de la Prévention des risques
*ints.fr;modernisation.gouv.fr;Ministère de la Santé et de l’Accès aux soins
*sdis66.fr;modernisation.gouv.fr;Ministère de l'Intérieur
*vie-publique.fr;modernisation.gouv.fr;Premier ministre
*passculture.app;culture.gouv.fr;Ministère de la Culture
*promo51.ira-metz.gouv.fr;modernisation.gouv.fr;Ministère de la Fonction publique, de la Simplification et de la Transformation de l’action publique
*transition-energetique.gouv.fr;developpement-durable.gouv.fr;Ministère de la Transition écologique, de l’Energie, du Climat et de la Prévention des risques
*dgfip.finances.gouv.fr;finances.gouv.fr;Ministères Economiques et Financiers
*sg-social.gouv.fr;modernisation.gouv.fr;Ministères sociaux - Secrétariat général
*carsat-nordest.fr;modernisation.gouv.fr;Ministère de la Santé et de l’Accès aux soins
*solidarite.gouv.fr;modernisation.gouv.fr;Ministère de la Santé et de l’Accès aux soins
*institutfrancais.com;diplomatie.gouv.fr;Ministère de l'Europe et des Affaires étrangères
*agence-adoption.fr;modernisation.gouv.fr;Migration DINUM
*oceadom.fr;agriculture.gouv.fr;Ministère de l'Agriculture, de la Souveraineté alimentaire et de la Forêt
*eleve.ira-nantes.gouv.fr;modernisation.gouv.fr;Ministère de la Fonction publique, de la Simplification et de la Transformation de l’action publique
*cnis.fr;finances.gouv.fr;Ministères Economiques et Financiers
*envsn.sports.gouv.fr;modernisation.gouv.fr;Ministère des Sports et des Jeux Olympiques et Paralympiques
*uca.fr;modernisation.gouv.fr;Migration DINUM
*sdis54.fr;modernisation.gouv.fr;Ministère de l'Intérieur
*imt-lille-douai.fr;modernisation.gouv.fr;Ministère de l'Enseignement supérieur et de la Recherche
*securite-ferroviaire.fr;developpement-durable.gouv.fr;Ministère de la Transition écologique, de l’Energie, du Climat et de la Prévention des risques
*bretagne.gouv.fr;interieur.gouv.fr;Ministère de l'Intérieur
*pibude.com;modernisation.gouv.fr;Migration DINUM
*herault.gouv.fr;interieur.gouv.fr;Ministère de l'Intérieur
*alpc.gouv.fr;interieur.gouv.fr;Ministère de l'Intérieur
*univ-lr.fr;modernisation.gouv.fr;Ministère de l'Enseignement supérieur et de la Recherche
*cgss971.msa.fr;modernisation.gouv.fr;Ministère de l'Agriculture, de la Souveraineté alimentaire et de la Forêt
*bcl.msa.fr;agriculture.gouv.fr;Ministère de l'Agriculture, de la Souveraineté alimentaire et de la Forêt
*saone-et-loire.gouv.fr;interieur.gouv.fr;Ministère de l'Intérieur
*sdis.fr;modernisation.gouv.fr;Ministère de l'Intérieur
*allier.gouv.fr;interieur.gouv.fr;Ministère de l'Intérieur
*miprof.gouv.fr;modernisation.gouv.fr;Migration DINUM
*dicod.fr;modernisation.gouv.fr;Migration DINUM
*grandpalaisrmn.fr;culture.gouv.fr;Ministère de la Culture
*teldoc.sgci.gouv.fr;finances.gouv.fr;Ministères Economiques et Financiers
*region-academique-grand-est.fr;modernisation.gouv.fr;Ministère de l’Education nationale
*limousin.msa.fr;agriculture.gouv.fr;Ministère de l'Agriculture, de la Souveraineté alimentaire et de la Forêt
*sdis09.fr;modernisation.gouv.fr;Ministère de l'Intérieur
*retraites.gouv.fr;modernisation.gouv.fr;Ministère de la Santé et de l’Accès aux soins
*cppm.in2p3.fr;modernisation.gouv.fr;Ministère de l'Enseignement supérieur et de la Recherche
*creps-pap.sports.gouv.fr;modernisation.gouv.fr;Ministère des Sports et des Jeux Olympiques et Paralympiques
*morbihan.pref.gouv.fr;interieur.gouv.fr;Ministère de l'Intérieur
*toulouse-inp.fr;modernisation.gouv.fr;Ministère de l'Enseignement supérieur et de la Recherche
*ac-guyane.fr;modernisation.gouv.fr;Ministère de l’Education nationale
*monuments-nationaux.fr;culture.gouv.fr;Ministère de la Culture
*sciencespo-lyon.fr;modernisation.gouv.fr;Ministère de l'Enseignement supérieur et de la Recherche
*anact.fr;modernisation.gouv.fr;Ministère du Travail et de l’Emploi
*moselle.gouv.fr;interieur.gouv.fr;Ministère de l'Intérieur
*val-doise.gouv.fr;interieur.gouv.fr;Ministère de l'Intérieur
*creps-strasbourg.sports.gouv.fr;modernisation.gouv.fr;Ministère des Sports et des Jeux Olympiques et Paralympiques
*paris-malaquais.archi.fr;culture.gouv.fr;Ministère de la Culture
*sdis86.net;modernisation.gouv.fr;Ministère de l'Intérieur
*sdis10.fr;modernisation.gouv.fr;Ministère de l'Intérieur
*caissedesdepots.fr;modernisation.gouv.fr;Migration DINUM
*cned.fr;modernisation.gouv.fr;Ministère de l’Education nationale
*msa49.msa.fr;agriculture.gouv.fr;Ministère de l'Agriculture, de la Souveraineté alimentaire et de la Forêt
*sante-travail.gouv.fr;modernisation.gouv.fr;Ministère de la Santé et de l’Accès aux soins
*sdis88.fr;modernisation.gouv.fr;Ministère de l'Intérieur
*l2it.in2p3.fr;modernisation.gouv.fr;Ministère de l'Enseignement supérieur et de la Recherche
*sg.social.gouv.fr;modernisation.gouv.fr;Ministères sociaux - Secrétariat général
*univ-tln.fr;modernisation.gouv.fr;Ministère de l'Enseignement supérieur et de la Recherche
*gendarmerie.interieur.gouv.fr;interieur.gouv.fr;Ministère de l'Intérieur
*precarite.gouv.fr;modernisation.gouv.fr;Ministère de la Santé et de l’Accès aux soins
*afld.fr;modernisation.gouv.fr;Migration DINUM
*in2p3.fr;modernisation.gouv.fr;Ministère de l'Enseignement supérieur et de la Recherche
*creps-wattignies.sports.gouv.fr;modernisation.gouv.fr;Ministère des Sports et des Jeux Olympiques et Paralympiques
*sportsdenature.gouv.fr;modernisation.gouv.fr;Ministère des Sports et des Jeux Olympiques et Paralympiques
*diffusion.ville-jeunesse-sports.gouv.fr;modernisation.gouv.fr;Ministère des Sports et des Jeux Olympiques et Paralympiques
*comite-du-secret.fr;finances.gouv.fr;Ministères Economiques et Financiers
*museeairespace.fr;modernisation.gouv.fr;Migration DINUM
*didol.logement.gouv.fr;developpement-durable.gouv.fr;Ministère de la Transition écologique, de l’Energie, du Climat et de la Prévention des risques
*crous-versailles.fr;modernisation.gouv.fr;Ministère de l'Enseignement supérieur et de la Recherche
*ensa-nancy.fr;culture.gouv.fr;Ministère de la Culture
*region-academique-normandie.fr;modernisation.gouv.fr;Ministère de l’Education nationale
*ensae.fr;finances.gouv.fr;Ministères Economiques et Financiers
*cget.gouv.fr;developpement-durable.gouv.fr;Ministère de la Transition écologique, de l’Energie, du Climat et de la Prévention des risques
*ac-mayotte.fr;modernisation.gouv.fr;Ministère de l’Education nationale
*crous-grenoble.fr;modernisation.gouv.fr;Ministère de l'Enseignement supérieur et de la Recherche
*corse-du-sud.gouv.fr;interieur.gouv.fr;Ministère de l'Intérieur
*astro.unistra.fr;modernisation.gouv.fr;Ministère de l'Enseignement supérieur et de la Recherche
*guimet.fr;culture.gouv.fr;Ministère de la Culture
*vienne.gouv.fr;interieur.gouv.fr;Ministère de l'Intérieur
*sdis56.fr;modernisation.gouv.fr;Ministère de l'Intérieur
*reunion-parcnational.fr;developpement-durable.gouv.fr;Ministère de la Transition écologique, de l’Energie, du Climat et de la Prévention des risques
*france-services.gouv.fr;modernisation.gouv.fr;Migration DINUM
*onacvg.fr;modernisation.gouv.fr;Ministère des Armées et des Anciens combattants
*inp.fr;culture.gouv.fr;Ministère de la Culture
*cnnumerique.fr;modernisation.gouv.fr;Migration DINUM
*msa33.msa.fr;agriculture.gouv.fr;Ministère de l'Agriculture, de la Souveraineté alimentaire et de la Forêt
*region-academique-guyane.fr;modernisation.gouv.fr;Ministère de l’Education nationale
*region-academique-bfc.fr;modernisation.gouv.fr;Ministère de l’Education nationale
*vetagro-sup.fr;agriculture.gouv.fr;Ministère de l'Agriculture, de la Souveraineté alimentaire et de la Forêt
*univ-guyane.fr;modernisation.gouv.fr;Ministère de l'Enseignement supérieur et de la Recherche
*sdis44.fr;modernisation.gouv.fr;Ministère de l'Intérieur
*cnsmdp.fr;culture.gouv.fr;Ministère de la Culture
*cybermalveillance.gouv.fr;modernisation.gouv.fr;Premier ministre
*st-etienne.archi.fr;culture.gouv.fr;Ministère de la Culture
*bouches-du-rhone.gouv.fr;interieur.gouv.fr;Ministère de l'Intérieur
*promo54.ira-metz.gouv.fr;modernisation.gouv.fr;Ministère de la Fonction publique, de la Simplification et de la Transformation de l’action publique
*indre-et-loire.gouv.fr;interieur.gouv.fr;Ministère de l'Intérieur
*savoie.gouv.fr;interieur.gouv.fr;Ministère de l'Intérieur
*dmp.gouv.fr;modernisation.gouv.fr;Migration DINUM
*imt-atlantique.fr;finances.gouv.fr;Ministères Economiques et Financiers
*agro-bordeaux.fr;agriculture.gouv.fr;Ministère de l'Agriculture, de la Souveraineté alimentaire et de la Forêt
*carsat-centre.fr;modernisation.gouv.fr;Migration DINUM
*grandparisamenagement.fr;developpement-durable.gouv.fr;Ministère de la Transition écologique, de l’Energie, du Climat et de la Prévention des risques
*afbiodiversite.fr;developpement-durable.gouv.fr;Ministère de la Transition écologique, de l’Energie, du Climat et de la Prévention des risques
*prestataire.renater.fr;modernisation.gouv.fr;Ministère de l'Enseignement supérieur et de la Recherche
*sdis22.fr;modernisation.gouv.fr;Ministère de l'Intérieur
*eg-info.fr;culture.gouv.fr;Ministère de la Culture
*ile-de-france.gouv.fr;interieur.gouv.fr;Ministère de l'Intérieur
*famille.gouv.fr;modernisation.gouv.fr;Ministère de la Santé et de l’Accès aux soins
*creps-rhonealpes.sports.gouv.fr;modernisation.gouv.fr;Ministère des Sports et des Jeux Olympiques et Paralympiques
*anc.gouv.fr;finances.gouv.fr;Ministères Economiques et Financiers
*ac-montpellier.fr;modernisation.gouv.fr;Ministère de l’Education nationale
*ira-bastia.gouv.fr;modernisation.gouv.fr;Ministère de la Fonction publique, de la Simplification et de la Transformation de l’action publique
*soc.senat.fr;modernisation.gouv.fr;Migration DINUM
*pays-de-la-loire.pref.gouv.fr;interieur.gouv.fr;Ministère de l'Intérieur
*drjscs.gouv.fr;modernisation.gouv.fr;Ministère des Sports et des Jeux Olympiques et Paralympiques
*armorique.msa.fr;agriculture.gouv.fr;Ministère de l'Agriculture, de la Souveraineté alimentaire et de la Forêt
*cor-retraites.fr;modernisation.gouv.fr;Ministère de la Santé et de l’Accès aux soins
*externes.emploi.gouv.fr;modernisation.gouv.fr;Ministère du Travail et de l’Emploi
*univ-tours.fr;modernisation.gouv.fr;Ministère de l'Enseignement supérieur et de la Recherche
*unicaen.fr;modernisation.gouv.fr;Ministère de l'Enseignement supérieur et de la Recherche
*louvre.fr;culture.gouv.fr;Ministère de la Culture
*emploidesseniors.gouv.fr;modernisation.gouv.fr;Ministère du Travail et de l’Emploi
*sdis46.fr;modernisation.gouv.fr;Ministère de l'Intérieur
*famille-enfance.gouv.fr;modernisation.gouv.fr;Ministère de la Santé et de l’Accès aux soins
*observatoire-parite.gouv.fr;modernisation.gouv.fr;Migration DINUM
*sdis81.fr;modernisation.gouv.fr;Ministère de l'Intérieur
*france-education-international.fr;modernisation.gouv.fr;Migration DINUM
*bretagne.pref.gouv.fr;interieur.gouv.fr;Ministère de l'Intérieur
*creps-idf.fr;modernisation.gouv.fr;Ministère des Sports et des Jeux Olympiques et Paralympiques
*strasbourg.archi.fr;culture.gouv.fr;Ministère de la Culture
*imsa.msa.fr;agriculture.gouv.fr;Ministère de l'Agriculture, de la Souveraineté alimentaire et de la Forêt
*ccsp.fr;interieur.gouv.fr;Ministère de l'Intérieur
*mayenne.gouv.fr;interieur.gouv.fr;Ministère de l'Intérieur
*ugap.fr;finances.gouv.fr;Migration DINUM
*ensai.fr;finances.gouv.fr;Ministères Economiques et Financiers
*academie.def.gouv.fr;modernisation.gouv.fr;Ministère des Armées et des Anciens combattants
*andra.fr;developpement-durable.gouv.fr;Ministère de la Transition écologique, de l’Energie, du Climat et de la Prévention des risques
*lrmp.gouv.fr;interieur.gouv.fr;Ministère de l'Intérieur
*bmpm.gouv.fr;modernisation.gouv.fr;Migration DINUM
*region-academique-centre-val-de-loire.fr;modernisation.gouv.fr;Ministère de l’Education nationale
*lozere.gouv.fr;interieur.gouv.fr;Ministère de l'Intérieur
*anru.fr;developpement-durable.gouv.fr;Ministère de la Transition écologique, de l’Energie, du Climat et de la Prévention des risques
*chateaudefontainebleau.fr;culture.gouv.fr;Ministère de la Culture
*cerema.fr;developpement-durable.gouv.fr;Ministère de la Transition écologique, de l’Energie, du Climat et de la Prévention des risques
*accoss.fr;modernisation.gouv.fr;Migration DINUM
*ip2i.in2p3.fr;modernisation.gouv.fr;Ministère de l'Enseignement supérieur et de la Recherche
*sircom.porte-parole.gouv.fr;modernisation.gouv.fr;Migration DINUM
*auvergne-rhone-alpes.pref.gouv.fr;interieur.gouv.fr;Ministère de l'Intérieur
*lp2ib.in2p3.fr;modernisation.gouv.fr;Ministère de l'Enseignement supérieur et de la Recherche
*mnc.sante.gouv.fr;modernisation.gouv.fr;Ministère de la Santé et de l’Accès aux soins
*ofgl.fr;finances.gouv.fr;Migration DINUM
*prestataire.modernisation.gouv.fr;modernisation.gouv.fr;Ministère de la Fonction publique, de la Simplification et de la Transformation de l’action publique
*sgp.fr;developpement-durable.gouv.fr;Ministère de la Transition écologique, de l’Energie, du Climat et de la Prévention des risques
*spm2.gouv.fr;modernisation.gouv.fr;Premier ministre
*santepubliquefrance.fr;modernisation.gouv.fr;Ministère de la Santé et de l’Accès aux soins
*jscs.gouv.fr;modernisation.gouv.fr;Ministère des Sports et des Jeux Olympiques et Paralympiques
*douane.finances.gouv.fr;douane.finances.gouv.fr;DGDDI - Direction générale des Douanes et Droits indirects
*cgss974.msa.fr;modernisation.gouv.fr;Ministère de l'Agriculture, de la Souveraineté alimentaire et de la Forêt
*premier-ministre.gouv.fr;modernisation.gouv.fr;Premier ministre
*gers.gouv.fr;interieur.gouv.fr;Ministère de l'Intérieur
*diffusion.service-civique.gouv.fr;modernisation.gouv.fr;Migration DINUM
*ville.gouv.fr;modernisation.gouv.fr;Migration DINUM
*carsat-nordpicardie.fr;modernisation.gouv.fr;Migration DINUM
*saint-andre.org;modernisation.gouv.fr;Migration DINUM
*sdis34.fr;modernisation.gouv.fr;Ministère de l'Intérieur
*paris-belleville.archi.fr;culture.gouv.fr;Ministère de la Culture
*dila.gouv.fr;modernisation.gouv.fr;Premier ministre
*indre-et-loire.pref.gouv.fr;interieur.gouv.fr;Ministère de l'Intérieur
*institutfrancais.de;diplomatie.gouv.fr;Ministère de l'Europe et des Affaires étrangères
*cnil.fr;modernisation.gouv.fr;Migration DINUM
*industrie.gouv.fr;finances.gouv.fr;Ministères Economiques et Financiers
*meteo.fr;developpement-durable.gouv.fr;Ministère de la Transition écologique, de l’Energie, du Climat et de la Prévention des risques
*crpf.fr;agriculture.gouv.fr;Ministère de l'Agriculture, de la Souveraineté alimentaire et de la Forêt
*unedic.fr;modernisation.gouv.fr;Ministère du Travail et de l’Emploi
*carsat-ra.fr;modernisation.gouv.fr;Migration DINUM
*sdis93.fr;modernisation.gouv.fr;Ministère de l'Intérieur
*nouvelle-aquitaine.gouv.fr;interieur.gouv.fr;Ministère de l'Intérieur
*creps-reunion.sports.gouv.fr;modernisation.gouv.fr;Ministère des Sports et des Jeux Olympiques et Paralympiques
*sdis68.fr;modernisation.gouv.fr;Ministère de l'Intérieur
*lpsc.in2p3.fr;modernisation.gouv.fr;Ministère de l'Enseignement supérieur et de la Recherche
*lak.edu.lb;diplomatie.gouv.fr;Migration DINUM
*emploi.gouv.fr;modernisation.gouv.fr;Ministère du Travail et de l’Emploi
*cnmss.fr;modernisation.gouv.fr;Ministère des Armées et des Anciens combattants
*dr20.cnrs.fr;modernisation.gouv.fr;Ministère de l'Enseignement supérieur et de la Recherche
*sdis12.fr;modernisation.gouv.fr;Ministère de l'Intérieur
*ina.fr;culture.gouv.fr;Ministère de la Culture
*univ-lyon1.fr;modernisation.gouv.fr;Ministère de l'Enseignement supérieur et de la Recherche
*languedoc.msa.fr;agriculture.gouv.fr;Ministère de l'Agriculture, de la Souveraineté alimentaire et de la Forêt
*api.gouv.fr;modernisation.gouv.fr;Ministère de la Fonction publique, de la Simplification et de la Transformation de l’action publique
*aesn.fr;developpement-durable.gouv.fr;Ministère de la Transition écologique, de l’Energie, du Climat et de la Prévention des risques
*iu2t.univ-paris8.fr;modernisation.gouv.fr;Ministère de l'Enseignement supérieur et de la Recherche
*collectivites-territoriales.gouv.fr;developpement-durable.gouv.fr;Ministère de la Transition écologique, de l’Energie, du Climat et de la Prévention des risques
*cbnmed.fr;developpement-durable.gouv.fr;Ministère de la Transition écologique, de l’Energie, du Climat et de la Prévention des risques
*finistere.gouv.fr;interieur.gouv.fr;Ministère de l'Intérieur
*insep.fr;modernisation.gouv.fr;Ministère des Sports et des Jeux Olympiques et Paralympiques
*hauts-de-france.gouv.fr;interieur.gouv.fr;Ministère de l'Intérieur
*journal-officiel.gouv.fr;modernisation.gouv.fr;Premier ministre
*technologie.gouv.fr;modernisation.gouv.fr;Migration DINUM
*eure-et-loir.gouv.fr;interieur.gouv.fr;Ministère de l'Intérieur
*scl.finances.gouv.fr;dgccrf.finances.gouv.fr;Ministères Economiques et Financiers
*eleve.ira-metz.gouv.fr;modernisation.gouv.fr;Ministère de la Fonction publique, de la Simplification et de la Transformation de l’action publique
*musee-marine.fr;culture.gouv.fr;Ministère de la Culture
*ensma.fr;modernisation.gouv.fr;Ministère de l'Enseignement supérieur et de la Recherche
*palais-portedoree.fr;culture.gouv.fr;Ministère de la Culture
*tns.fr;culture.gouv.fr;Ministère de la Culture
*vnf.fr;developpement-durable.gouv.fr;Ministère de la Transition écologique, de l’Energie, du Climat et de la Prévention des risques
*ihemi.fr;interieur.gouv.fr;Ministère de l'Intérieur
*cyu.fr;modernisation.gouv.fr;Migration DINUM
*fnap-logement.fr;developpement-durable.gouv.fr;Ministère de la Transition écologique, de l’Energie, du Climat et de la Prévention des risques
*ined.fr;modernisation.gouv.fr;Ministère de l'Enseignement supérieur et de la Recherche
*centrenationaldulivre.fr;culture.gouv.fr;Ministère de la Culture
*crous-toulouse.fr;modernisation.gouv.fr;Ministère de l'Enseignement supérieur et de la Recherche
*hebergement2.interieur-gouv.fr;interieur.gouv.fr;Ministère de l'Intérieur
*ac-reunion.fr;modernisation.gouv.fr;Ministère de l’Education nationale
*hatvp.fr;modernisation.gouv.fr;Migration DINUM
*sdis91.fr;modernisation.gouv.fr;Ministère de l'Intérieur
*hcf-famille.fr;modernisation.gouv.fr;Migration DINUM
*juradmin.fr;modernisation.gouv.fr;Ministère de l'Intérieur
*supmaritime.fr;developpement-durable.gouv.fr;Ministère de la Transition écologique, de l’Energie, du Climat et de la Prévention des risques
*orne.gouv.fr;interieur.gouv.fr;Ministère de l'Intérieur
*cnefop.gouv.fr;modernisation.gouv.fr;Migration DINUM
*sdis24.fr;modernisation.gouv.fr;Ministère de l'Intérieur
*synchrotron-soleil.fr;modernisation.gouv.fr;Ministère de l'Enseignement supérieur et de la Recherche
*fondsdesoutien.gouv.fr;finances.gouv.fr;Ministères Economiques et Financiers
*creuse.gouv.fr;interieur.gouv.fr;Ministère de l'Intérieur
*centre-val-de-loire.gouv.fr;interieur.gouv.fr;Ministère de l'Intérieur
*meurthe-et-moselle.gouv.fr;interieur.gouv.fr;Ministère de l'Intérieur
*cines.fr;modernisation.gouv.fr;Ministère de l'Enseignement supérieur et de la Recherche
*agencerecherche.fr;modernisation.gouv.fr;Ministère de l'Enseignement supérieur et de la Recherche
*anj.fr;modernisation.gouv.fr;Migration DINUM
*caf66.caf.fr;modernisation.gouv.fr;Migration DINUM
*ofpra.gouv.fr;interieur.gouv.fr;Ministère de l'Intérieur
*u-paris.fr;modernisation.gouv.fr;Ministère de l'Enseignement supérieur et de la Recherche
*univ-lyon3.fr;modernisation.gouv.fr;Ministère de l'Enseignement supérieur et de la Recherche
*drome.gouv.fr;interieur.gouv.fr;Ministère de l'Intérieur
*chambord.org;agriculture.gouv.fr;Ministère de l'Agriculture, de la Souveraineté alimentaire et de la Forêt
*cades.fr;finances.gouv.fr;Ministères Economiques et Financiers
*univ-cotedazur.fr;modernisation.gouv.fr;Ministère de l'Enseignement supérieur et de la Recherche
*ladocfrancaise.gouv.fr;modernisation.gouv.fr;Premier ministre
*yonne.gouv.fr;interieur.gouv.fr;Ministère de l'Intérieur
*sdis972.fr;modernisation.gouv.fr;Ministère de l'Intérieur
*cofgc.gouv.fr;modernisation.gouv.fr;Migration DINUM
*enssib.fr;modernisation.gouv.fr;Ministère de l'Enseignement supérieur et de la Recherche
*sdis02.fr;modernisation.gouv.fr;Ministère de l'Intérieur
*recrutement.fonction-publique.gouv.fr;finances.gouv.fr;Ministère de la Fonction publique, de la Simplification et de la Transformation de l’action publique
*kiosque-sig.gouv.fr;modernisation.gouv.fr;Premier ministre
*drrt.u-strasbg.fr;modernisation.gouv.fr;Ministère de l'Enseignement supérieur et de la Recherche
*hadopi.fr;modernisation.gouv.fr;Migration DINUM
*insa-toulouse.fr;modernisation.gouv.fr;Ministère de l'Enseignement supérieur et de la Recherche
*cnav.fr;modernisation.gouv.fr;Migration DINUM
*comite-du-label.fr;finances.gouv.fr;Ministères Economiques et Financiers
*epms-le-littoral.org;modernisation.gouv.fr;Migration DINUM
*autoritedelaconcurrence.fr;modernisation.gouv.fr;Ministères Economiques et Financiers
*centrepompidou.fr;culture.gouv.fr;Ministère de la Culture
*charente-maritime.gouv.fr;interieur.gouv.fr;Ministère de l'Intérieur
*arcom.fr;modernisation.gouv.fr;Migration DINUM
*insa-cvl.fr;modernisation.gouv.fr;Migration DINUM
*enit.fr;modernisation.gouv.fr;Ministère de l'Enseignement supérieur et de la Recherche
*anfr.fr;finances.gouv.fr;Ministères Economiques et Financiers
*amf-france.org;modernisation.gouv.fr;Ministères Economiques et Financiers
*galileo.finances.gouv.fr;finances.gouv.fr;Ministères Economiques et Financiers
*polynesie-francaise.pref.gouv.fr;interieur.gouv.fr;Ministère de l'Intérieur
*gip-ierdj.fr;justice.gouv.fr;Ministère de la justice
*lecnam.net;modernisation.gouv.fr;Ministère de l'Enseignement supérieur et de la Recherche
*etat04.fr;interieur.gouv.fr;Ministère de l'Intérieur
*insee.fr;insee.fr;Ministères Economiques et Financiers
*health-data-hub.fr;modernisation.gouv.fr;Ministère de la Santé et de l’Accès aux soins
*ac-lyon.fr;modernisation.gouv.fr;Ministère de l’Education nationale
*inist.fr;modernisation.gouv.fr;Migration DINUM
*pyrenees-orientales.gouv.fr;interieur.gouv.fr;Ministère de l'Intérieur
*oniris-nantes.fr;agriculture.gouv.fr;Ministère de l'Agriculture, de la Souveraineté alimentaire et de la Forêt
*toulouse.archi.fr;culture.gouv.fr;Ministère de la Culture
*indre.gouv.fr;interieur.gouv.fr;Ministère de l'Intérieur
*agrosupdijon.fr;agriculture.gouv.fr;Ministère de l'Agriculture, de la Souveraineté alimentaire et de la Forêt
*guyane-parcnational.fr;developpement-durable.gouv.fr;Ministère de la Transition écologique, de l’Energie, du Climat et de la Prévention des risques
*epnak.org;modernisation.gouv.fr;Migration DINUM
*hebergement.interieur-gouv.fr;interieur.gouv.fr;Ministère de l'Intérieur
*equipement.gouv.fr;developpement-durable.gouv.fr;Ministère de la Transition écologique, de l’Energie, du Climat et de la Prévention des risques
*epnc.fr;developpement-durable.gouv.fr;Ministère de la Transition écologique, de l’Energie, du Climat et de la Prévention des risques
*sdis23.com;modernisation.gouv.fr;Ministère de l'Intérieur
*creps-dijon.sports.gouv.fr;modernisation.gouv.fr;Ministère des Sports et des Jeux Olympiques et Paralympiques
*sdis58.fr;modernisation.gouv.fr;Ministère de l'Intérieur
*rennes.archi.fr;culture.gouv.fr;Ministère de la Culture
*ac-limoges.fr;modernisation.gouv.fr;Ministère de l’Education nationale
*diges.gouv.fr;modernisation.gouv.fr;Migration DINUM
*landes.gouv.fr;interieur.gouv.fr;Ministère de l'Intérieur
*stagiaire.ira-metz.gouv.fr;modernisation.gouv.fr;Ministère de la Fonction publique, de la Simplification et de la Transformation de l’action publique
*angdm.fr;developpement-durable.gouv.fr;Ministère de la Transition écologique, de l’Energie, du Climat et de la Prévention des risques
*reunion.pref.gouv.fr;interieur.gouv.fr;Ministère de l'Intérieur
*institut-agro.fr;modernisation.gouv.fr;Ministère de l'Agriculture, de la Souveraineté alimentaire et de la Forêt
*espaces-naturels.fr;developpement-durable.gouv.fr;Ministère de la Transition écologique, de l’Energie, du Climat et de la Prévention des risques
*reseau-canope.fr;modernisation.gouv.fr;Ministère de l'Enseignement supérieur et de la Recherche
*region-academique-martinique.fr;modernisation.gouv.fr;Ministère de l’Education nationale
*cada.fr;modernisation.gouv.fr;Premier ministre
*cne2.fr;modernisation.gouv.fr;Migration DINUM
*ansp.gouv.fr;modernisation.gouv.fr;Migration DINUM
*cnc.fr;culture.gouv.fr;Ministère de la Culture
*guadeloupe-parcnational.fr;developpement-durable.gouv.fr;Ministère de la Transition écologique, de l’Energie, du Climat et de la Prévention des risques
*ac-puy-de-dome.gouv.fr;modernisation.gouv.fr;Ministère de l’Education nationale
*corse.gouv.fr;interieur.gouv.fr;Ministère de l'Intérieur
*musee-armee.fr;modernisation.gouv.fr;Ministère des Armées et des Anciens combattants
*fun-mooc.fr;modernisation.gouv.fr;Ministère de l'Enseignement supérieur et de la Recherche
*onf.fr;agriculture.gouv.fr;Ministère de l'Agriculture, de la Souveraineté alimentaire et de la Forêt
*sgae.gouv.fr;modernisation.gouv.fr;Premier ministre
*sdis95.fr;modernisation.gouv.fr;Ministère de l'Intérieur
*msa20.msa.fr;agriculture.gouv.fr;Ministère de l'Agriculture, de la Souveraineté alimentaire et de la Forêt
*cevennes-parcnational.fr;developpement-durable.gouv.fr;Ministère de la Transition écologique, de l’Energie, du Climat et de la Prévention des risques
*reforme-assurance-maladie.gouv.fr;modernisation.gouv.fr;Ministère de la Santé et de l’Accès aux soins
*crc.senat.fr;modernisation.gouv.fr;Migration DINUM
*grandsud.msa.fr;agriculture.gouv.fr;Ministère de l'Agriculture, de la Souveraineté alimentaire et de la Forêt
*univ-perp.fr;modernisation.gouv.fr;Ministère de l'Enseignement supérieur et de la Recherche
*acte-etat-civil.fr;modernisation.gouv.fr;Migration DINUM
*mayotte.gouv.fr;interieur.gouv.fr;Ministère de l'Intérieur
*loir-et-cher.gouv.fr;interieur.gouv.fr;Ministère de l'Intérieur
*erafp.fr;finances.gouv.fr;Ministères Economiques et Financiers
*ifsttar.fr;modernisation.gouv.fr;Migration DINUM
*charente.gouv.fr;interieur.gouv.fr;Ministère de l'Intérieur
*essonne.gouv.fr;interieur.gouv.fr;Ministère de l'Intérieur
*cafperpignan.cnafmail.fr;modernisation.gouv.fr;Migration DINUM
*lot-et-garonne.gouv.fr;interieur.gouv.fr;Ministère de l'Intérieur
*territoires.gouv.fr;developpement-durable.gouv.fr;Ministère de la Transition écologique, de l’Energie, du Climat et de la Prévention des risques
*franceagrimer.fr;agriculture.gouv.fr;Ministère de l'Agriculture, de la Souveraineté alimentaire et de la Forêt
*enim.eu;developpement-durable.gouv.fr;Ministère de la Transition écologique, de l’Energie, du Climat et de la Prévention des risques
*eau-seine-normandie.fr;developpement-durable.gouv.fr;Ministère de la Transition écologique, de l’Energie, du Climat et de la Prévention des risques
*sdis14.fr;modernisation.gouv.fr;Ministère de l'Intérieur
*chateauversailles.fr;culture.gouv.fr;Ministère de la Culture
*lma.in2p3.fr;modernisation.gouv.fr;Ministère de l'Enseignement supérieur et de la Recherche
*spm.gouv.fr;interieur.gouv.fr;Ministère de l'Intérieur
*francemobilites.fr;developpement-durable.gouv.fr;Ministère de la Transition écologique, de l’Energie, du Climat et de la Prévention des risques
*pre-exploitannuaire.ader.gouv.fr;modernisation.gouv.fr;Premier ministre
*univ-lemans.fr;modernisation.gouv.fr;Ministère de l'Enseignement supérieur et de la Recherche
*carsat-auvergne.fr;modernisation.gouv.fr;Migration DINUM
*republicains.senat.fr;modernisation.gouv.fr;Migration DINUM
*paris-valdeseine.archi.fr;culture.gouv.fr;Ministère de la Culture
*asp-public.fr;agriculture.gouv.fr;Ministère de l'Agriculture, de la Souveraineté alimentaire et de la Forêt
*granddebat.fr;developpement-durable.gouv.fr;Ministère de la Transition écologique, de l’Energie, du Climat et de la Prévention des risques
*promo52.ira-metz.gouv.fr;modernisation.gouv.fr;Ministère de la Fonction publique, de la Simplification et de la Transformation de l’action publique
*irsem.fr;modernisation.gouv.fr;Migration DINUM
*ec-nantes.fr;modernisation.gouv.fr;Ministère de l'Enseignement supérieur et de la Recherche
*intradef.gouv.fr;modernisation.gouv.fr;Ministère des Armées et des Anciens combattants
*integration.gouv.fr;modernisation.gouv.fr;Migration DINUM
*culture.gouv.fr;culture.gouv.fr;Ministère de la Culture
*sdis48.fr;modernisation.gouv.fr;Ministère de l'Intérieur
*marne.gouv.fr;interieur.gouv.fr;Ministère de l'Intérieur
*entpe.fr;developpement-durable.gouv.fr;Ministère de la Transition écologique, de l’Energie, du Climat et de la Prévention des risques
*forets-parcnational.fr;developpement-durable.gouv.fr;Ministère de la Transition écologique, de l’Energie, du Climat et de la Prévention des risques
*berry-touraine.msa.fr;agriculture.gouv.fr;Ministère de l'Agriculture, de la Souveraineté alimentaire et de la Forêt
*guadeloupe.gouv.fr;interieur.gouv.fr;Ministère de l'Intérieur
*sdis26.fr;modernisation.gouv.fr;Ministère de l'Intérieur
*guyane.gouv.fr;interieur.gouv.fr;Ministère de l'Intérieur
*femmes-egalite.gouv.fr;modernisation.gouv.fr;Migration DINUM
*espace.gouv.fr;modernisation.gouv.fr;Migration DINUM
*agrasc.gouv.fr;justice.gouv.fr;Ministère de la justice
*region-academique-occitanie.fr;modernisation.gouv.fr;Ministère de l’Education nationale
*inra.fr;modernisation.gouv.fr;Ministère de l'Enseignement supérieur et de la Recherche
*ac-polynesie.pf;modernisation.gouv.fr;Ministère de l’Education nationale
*institutcancer.fr;modernisation.gouv.fr;Ministère de l'Enseignement supérieur et de la Recherche
*sdis71.fr;modernisation.gouv.fr;Ministère de l'Intérieur
*cop21.gouv.fr;developpement-durable.gouv.fr;Ministère de la Transition écologique, de l’Energie, du Climat et de la Prévention des risques
*e2s-uppa.eu;modernisation.gouv.fr;Migration DINUM
*epfpaca.com;developpement-durable.gouv.fr;Ministère de la Transition écologique, de l’Energie, du Climat et de la Prévention des risques
*sdis04.fr;modernisation.gouv.fr;Ministère de l'Intérieur
*msa44-85.msa.fr;agriculture.gouv.fr;Ministère de l'Agriculture, de la Souveraineté alimentaire et de la Forêt
*info-routiere.gouv.fr;developpement-durable.gouv.fr;Ministère de la Transition écologique, de l’Energie, du Climat et de la Prévention des risques
*aefe-proche-orient.net;diplomatie.gouv.fr;Ministère de l'Europe et des Affaires étrangères
*caf65.caf.fr;modernisation.gouv.fr;Migration DINUM
*museeduluxembourg.fr;culture.gouv.fr;Ministère de la Culture
*comite-ethique.gouv.fr;modernisation.gouv.fr;Migration DINUM
*agriculture.gouv.fr;agriculture.gouv.fr;Ministère de l'Agriculture, de la Souveraineté alimentaire et de la Forêt
*ars.sante.fr;modernisation.gouv.fr;Ministère de la Santé et de l’Accès aux soins
*jeunesse-vie-associative.gouv.fr;modernisation.gouv.fr;Ministère des Sports et des Jeux Olympiques et Paralympiques
*shom.fr;modernisation.gouv.fr;Ministère des Armées et des Anciens combattants
*siec.education.fr;modernisation.gouv.fr;Ministère de l’Education nationale
*ensci.com;culture.gouv.fr;Ministère de la Culture
*ecologique-solidaire.gouv.fr;developpement-durable.gouv.fr;Ministère de la Transition écologique, de l’Energie, du Climat et de la Prévention des risques
*dihal.gouv.fr;developpement-durable.gouv.fr;Ministère de la Transition écologique, de l’Energie, du Climat et de la Prévention des risques
*csn.gouv.fr;finances.gouv.fr;Ministères Economiques et Financiers
*ird.fr;modernisation.gouv.fr;Ministère de l'Enseignement supérieur et de la Recherche
*huma-num.fr;modernisation.gouv.fr;Migration DINUM
*lyceefrancais.be;diplomatie.gouv.fr;Ministère de l'Europe et des Affaires étrangères
*anap.fr;modernisation.gouv.fr;Migration DINUM
*normandie.gouv.fr;interieur.gouv.fr;Ministère de l'Intérieur
*ctles.fr;modernisation.gouv.fr;Migration DINUM
*univ-rouen.fr;modernisation.gouv.fr;Ministère de l'Enseignement supérieur et de la Recherche
*direccte.gouv.fr;modernisation.gouv.fr;Ministère du Travail et de l’Emploi
*u-picardie.fr;modernisation.gouv.fr;Ministère de l'Enseignement supérieur et de la Recherche
*abes.fr;modernisation.gouv.fr;Migration DINUM
*occitanie.chambagri.fr;agriculture.gouv.fr;Migration DINUM
*opera-comique.com;culture.gouv.fr;Ministère de la Culture
*creps-idf.sports.gouv.fr;modernisation.gouv.fr;Ministère des Sports et des Jeux Olympiques et Paralympiques
*ephe.psl.eu;modernisation.gouv.fr;Ministère de l'Enseignement supérieur et de la Recherche
*uip.pnr.gouv.fr;finances.gouv.fr;Ministères Economiques et Financiers
*martinique.gouv.fr;interieur.gouv.fr;Ministère de l'Intérieur
*sdis73.fr;modernisation.gouv.fr;Ministère de l'Intérieur
*assemblee-nationale.fr;modernisation.gouv.fr;Migration DINUM
*femmesegalite.gouv.fr;modernisation.gouv.fr;Migration DINUM
*irsn.fr;developpement-durable.gouv.fr;Ministère de la Transition écologique, de l’Energie, du Climat et de la Prévention des risques
*ensm-sports.gouv.fr;developpement-durable.gouv.fr;Ministère de la Transition écologique, de l’Energie, du Climat et de la Prévention des risques
*sdis83.fr;modernisation.gouv.fr;Ministère de l'Intérieur
*marseille.archi.fr;culture.gouv.fr;Ministère de la Culture
*univ-tlse2.fr;modernisation.gouv.fr;Ministère de l'Enseignement supérieur et de la Recherche
*pompiersparis.fr;modernisation.gouv.fr;Ministère de l'Intérieur
*cnsad.fr;culture.gouv.fr;Ministère de la Culture
*businessfrance.fr;finances.gouv.fr;Ministères Economiques et Financiers
*portesdebretagne.msa.fr;agriculture.gouv.fr;Ministère de l'Agriculture, de la Souveraineté alimentaire et de la Forêt
*logement.gouv.fr;developpement-durable.gouv.fr;Ministère de la Transition écologique, de l’Energie, du Climat et de la Prévention des risques
*crous-strasbourg.fr;modernisation.gouv.fr;Ministère de l'Enseignement supérieur et de la Recherche
*independants.senat.fr;modernisation.gouv.fr;Migration DINUM
*region-academique-auvergne-rhone-alpes.fr;modernisation.gouv.fr;Ministère de l’Education nationale
*sante-sports.gouv.fr;modernisation.gouv.fr;Ministère des Sports et des Jeux Olympiques et Paralympiques
*msa10-52.msa.fr;agriculture.gouv.fr;Ministère de l'Agriculture, de la Souveraineté alimentaire et de la Forêt
*entreprises.gouv.fr;finances.gouv.fr;Ministères Economiques et Financiers
*sdis975.fr;modernisation.gouv.fr;Ministère de l'Intérieur
*eau-artois-picardie.fr;developpement-durable.gouv.fr;Ministère de la Transition écologique, de l’Energie, du Climat et de la Prévention des risques
*saint-barth-saint-martin.gouv.fr;interieur.gouv.fr;Ministère de l'Intérieur
*sdis38.fr;modernisation.gouv.fr;Ministère de l'Intérieur
*region-academique-idf.fr;modernisation.gouv.fr;Ministère de l’Education nationale
*gendarmerie.defense.gouv.fr;interieur.gouv.fr;Ministère de l'Intérieur
*versailles.archi.fr;culture.gouv.fr;Ministère de la Culture
*mrscfr.eu;developpement-durable.gouv.fr;Ministère de la Transition écologique, de l’Energie, du Climat et de la Prévention des risques
*sdis61.fr;modernisation.gouv.fr;Ministère de l'Intérieur
*expertisefrance.fr;diplomatie.gouv.fr;Ministère de l'Europe et des Affaires étrangères
*ens-lyon.fr;modernisation.gouv.fr;Ministère de l'Enseignement supérieur et de la Recherche
*sdis16.fr;modernisation.gouv.fr;Ministère de l'Intérieur
*clermont-fd.archi.fr;culture.gouv.fr;Ministère de la Culture
*u-bordeaux-montaigne.fr;modernisation.gouv.fr;Ministère de l'Enseignement supérieur et de la Recherche
*calvados.gouv.fr;interieur.gouv.fr;Ministère de l'Intérieur
*universite-paris-saclay.fr;modernisation.gouv.fr;Ministère de l'Enseignement supérieur et de la Recherche
*doctorat-bretagne.fr;modernisation.gouv.fr;Ministère de l'Enseignement supérieur et de la Recherche
*ensa-bourges.fr;culture.gouv.fr;Ministère de la Culture
*df.gouv.fr;modernisation.gouv.fr;Migration DINUM
*apij-justice.fr;justice.gouv.fr;Ministère de la justice
*seine-maritime.gouv.fr;interieur.gouv.fr;Ministère de l'Intérieur
*fvjs.gouv.fr;modernisation.gouv.fr;Migration DINUM
*musee-moreau.fr;culture.gouv.fr;Ministère de la Culture
*enac.fr;developpement-durable.gouv.fr;Ministère de la Transition écologique, de l’Energie, du Climat et de la Prévention des risques
*region-academique-provence-alpes-cote-dazur.fr;modernisation.gouv.fr;Ministère de l’Education nationale
*epfbretagne.fr;developpement-durable.gouv.fr;Ministère de la Transition écologique, de l’Energie, du Climat et de la Prévention des risques
*femmes.gouv.fr;modernisation.gouv.fr;Migration DINUM
*eleve.ena.fr;modernisation.gouv.fr;Ministère de la Fonction publique, de la Simplification et de la Transformation de l’action publique
*franchecomte.msa.fr;agriculture.gouv.fr;Ministère de l'Agriculture, de la Souveraineté alimentaire et de la Forêt
*dif.gouv.fr;modernisation.gouv.fr;Migration DINUM
*apc.in2p3.fr;modernisation.gouv.fr;Ministère de l'Enseignement supérieur et de la Recherche
*eleve.insp.gouv.fr;modernisation.gouv.fr;Ministère de l'Enseignement supérieur et de la Recherche
*personnes-agees.gouv.fr;modernisation.gouv.fr;Ministère de la Santé et de l’Accès aux soins
*europol.europa.eu;interieur.gouv.fr;Ministère de l'Intérieur
*telerecours.fr;agriculture.gouv.fr;Ministère de l'Agriculture, de la Souveraineté alimentaire et de la Forêt
*cgss-guadeloupe.fr;modernisation.gouv.fr;Migration DINUM
*ac-poitiers.fr;modernisation.gouv.fr;Ministère de l’Education nationale
*sdis85.com;modernisation.gouv.fr;Ministère de l'Intérieur
*lille.archi.fr;culture.gouv.fr;Ministère de la Culture
*ac-cned.fr;modernisation.gouv.fr;Ministère de l’Education nationale
*crous-reunion.fr;modernisation.gouv.fr;Ministère de l’Education nationale
*sdis28.fr;modernisation.gouv.fr;Ministère de l'Intérieur
*haute-loire.gouv.fr;interieur.gouv.fr;Ministère de l'Intérieur
*ambafrance-us.org;diplomatie.gouv.fr;Ministère de l'Europe et des Affaires étrangères
*bordeaux.archi.fr;culture.gouv.fr;Ministère de la Culture
*hceres.fr;modernisation.gouv.fr;Ministère de l'Enseignement supérieur et de la Recherche
*cnap.fr;culture.gouv.fr;Ministère de la Culture
*iut-tlse3.fr;modernisation.gouv.fr;Ministère de l'Enseignement supérieur et de la Recherche
*igf.finances.gouv.fr;finances.gouv.fr;Ministères Economiques et Financiers
*villette.com;culture.gouv.fr;Ministère de la Culture
*politique-ville.gouv.fr;modernisation.gouv.fr;Migration DINUM
*sdis63.fr;modernisation.gouv.fr;Ministère de l'Intérieur
*cabinet.education.fr;modernisation.gouv.fr;Ministère de l’Education nationale
*monnaiedeparis.fr;finances.gouv.fr;Ministères Economiques et Financiers
*ifremer.fr;modernisation.gouv.fr;Ministère de la Mer et de la Pêche
*fimad.gouv.fr;interieur.gouv.fr;Ministère de l'Intérieur
*ille-et-vilaine.gouv.fr;interieur.gouv.fr;Ministère de l'Intérieur
*mayenne-orne-sarthe.msa.fr;agriculture.gouv.fr;Ministère de l'Agriculture, de la Souveraineté alimentaire et de la Forêt
*eure.gouv.fr;interieur.gouv.fr;Ministère de l'Intérieur
*maisoncohesionsociale.gouv.fr;modernisation.gouv.fr;Migration DINUM
*sdis-vendee.fr;modernisation.gouv.fr;Ministère de l'Intérieur
*rndp.fr;culture.gouv.fr;Ministère de la Culture
*sdis36.org;modernisation.gouv.fr;Ministère de l'Intérieur
*public.senat.fr;modernisation.gouv.fr;Migration DINUM
*aft.gouv.fr;finances.gouv.fr;Ministères Economiques et Financiers
*sdis06.fr;modernisation.gouv.fr;Ministère de l'Intérieur
*ac-noumea.nc;modernisation.gouv.fr;Ministère de l’Education nationale
*banque-france.fr;modernisation.gouv.fr;Migration DINUM
*ensad.fr;culture.gouv.fr;Ministère de la Culture
*syndicats.finances.gouv.fr;finances.gouv.fr;Ministères Economiques et Financiers
*prestataire.finances.gouv.fr;finances.gouv.fr;Ministères Economiques et Financiers
*sdis87.fr;modernisation.gouv.fr;Ministère de l'Intérieur
*inria.fr;modernisation.gouv.fr;Ministère de l'Enseignement supérieur et de la Recherche
*univ-lorraine.fr;modernisation.gouv.fr;Ministère de l'Enseignement supérieur et de la Recherche
*ac-bordeaux.fr;modernisation.gouv.fr;Ministère de l’Education nationale
*saone-et-loire.pref.gouv.fr;interieur.gouv.fr;Ministère de l'Intérieur
*correze.gouv.fr;interieur.gouv.fr;Ministère de l'Intérieur
*carsat-lr.fr;modernisation.gouv.fr;Migration DINUM
*cafisere.cnafmail.fr;modernisation.gouv.fr;Migration DINUM
*ccomptes.fr;modernisation.gouv.fr;Cour des Comptes
*servicesalapersonne.gouv.fr;modernisation.gouv.fr;Migration DINUM
*cnphl.gouv.fr;developpement-durable.gouv.fr;Ministère de la Transition écologique, de l’Energie, du Climat et de la Prévention des risques
*sdis51.fr;modernisation.gouv.fr;Ministère de l'Intérieur
*port-guadeloupe.com;developpement-durable.gouv.fr;Ministère de la Transition écologique, de l’Energie, du Climat et de la Prévention des risques
*diplomatie.gouv.fr;diplomatie.gouv.fr;Ministère de l'Europe et des Affaires étrangères
*calanques-parcnational.fr;developpement-durable.gouv.fr;Ministère de la Transition écologique, de l’Energie, du Climat et de la Prévention des risques
*val-de-marne.gouv.fr;interieur.gouv.fr;Ministère de l'Intérieur
*data.gouv.fr;modernisation.gouv.fr;Ministère de la Fonction publique, de la Simplification et de la Transformation de l’action publique
*cncmfe.gouv.fr;modernisation.gouv.fr;Migration DINUM
*travail-emploi-sante.gouv.fr;modernisation.gouv.fr;Ministère du Travail et de l’Emploi
*hcf.famille.gouv.fr;modernisation.gouv.fr;Migration DINUM
*bfc.gouv.fr;interieur.gouv.fr;Ministère de l'Intérieur
*education.gouv.fr;modernisation.gouv.fr;Ministère de l’Education nationale
*sgci.gouv.fr;finances.gouv.fr;Ministères Economiques et Financiers
*service-public.fr.qualif.ext.dila.fr;modernisation.gouv.fr;Premier ministre
*msa75.msa.fr;agriculture.gouv.fr;Ministère de l'Agriculture, de la Souveraineté alimentaire et de la Forêt
*ac-creteil.fr;modernisation.gouv.fr;Ministère de l’Education nationale
*biomedecine.fr;modernisation.gouv.fr;Migration DINUM
*meteofrance.fr;developpement-durable.gouv.fr;Ministère de la Transition écologique, de l’Energie, du Climat et de la Prévention des risques
*creps-centre.sports.gouv.fr;modernisation.gouv.fr;Ministère des Sports et des Jeux Olympiques et Paralympiques
*ac-grenoble.fr;modernisation.gouv.fr;Ministère de l’Education nationale
*rsmar.re;interieur.gouv.fr;Ministère de l'Intérieur
*fr.europol.net;interieur.gouv.fr;Ministère de l'Intérieur
*ac-martinique.fr;modernisation.gouv.fr;Ministère de l’Education nationale
*cab.travail-sante.gouv.fr;modernisation.gouv.fr;Ministère du Travail et de l’Emploi
*enpc.fr;developpement-durable.gouv.fr;Ministère de la Transition écologique, de l’Energie, du Climat et de la Prévention des risques
*portcros-parcnational.fr;developpement-durable.gouv.fr;Ministère de la Transition écologique, de l’Energie, du Climat et de la Prévention des risques
*igacem.gouv.fr;developpement-durable.gouv.fr;Ministère de la Transition écologique, de l’Energie, du Climat et de la Prévention des risques
*inalco.fr;modernisation.gouv.fr;Ministère de l'Enseignement supérieur et de la Recherche
*ensam.eu;modernisation.gouv.fr;Ministère de l'Enseignement supérieur et de la Recherche
*france-volontaires.org;diplomatie.gouv.fr;Ministère de l'Europe et des Affaires étrangères
*pl.chambagri.fr;agriculture.gouv.fr;Ministère de l'Agriculture, de la Souveraineté alimentaire et de la Forêt
*finances.gouv.fr;finances.gouv.fr;Ministères Economiques et Financiers
*assurance-maladie.fr;modernisation.gouv.fr;Ministère de la Santé et de l’Accès aux soins
*paris-idf.gouv.fr;interieur.gouv.fr;Ministère de l'Intérieur
*ac-lille.fr;modernisation.gouv.fr;Ministère de l’Education nationale
*bea.aero;developpement-durable.gouv.fr;Ministère de la Transition écologique, de l’Energie, du Climat et de la Prévention des risques
*u-bordeaux.fr;modernisation.gouv.fr;Ministère de l'Enseignement supérieur et de la Recherche
*irisa.fr;modernisation.gouv.fr;Migration DINUM
*onisep.fr;modernisation.gouv.fr;Ministère de l’Education nationale
*insp.gouv.fr;modernisation.gouv.fr;Ministère de la Fonction publique, de la Simplification et de la Transformation de l’action publique
*uc.senat.fr;modernisation.gouv.fr;Migration DINUM
*region-academique-bretagne.fr;modernisation.gouv.fr;Ministère de l’Education nationale
*insa-rouen.fr;modernisation.gouv.fr;Ministère de l'Enseignement supérieur et de la Recherche
*sdis53.fr;modernisation.gouv.fr;Ministère de l'Intérieur
*ansm.sante.fr;modernisation.gouv.fr;Ministère de la Santé et de l’Accès aux soins
*service-civique.gouv.fr;modernisation.gouv.fr;Migration DINUM
*ecpad.fr;modernisation.gouv.fr;Migration DINUM
*tarn.gouv.fr;interieur.gouv.fr;Ministère de l'Intérieur
*hci.pm.gouv.fr;modernisation.gouv.fr;Premier ministre
*pyrenees-atlantiques.gouv.fr;interieur.gouv.fr;Ministère de l'Intérieur
*aveyron.gouv.fr;interieur.gouv.fr;Ministère de l'Intérieur
*ac-toulouse.fr;modernisation.gouv.fr;Ministère de l’Education nationale
*paca.gouv.fr;interieur.gouv.fr;Ministère de l'Intérieur
*manche.gouv.fr;interieur.gouv.fr;Ministère de l'Intérieur
*lycee-verdun.edu.lb;modernisation.gouv.fr;Migration DINUM
*elysee.fr;modernisation.gouv.fr;Présidence de la République
*sdis18.fr;modernisation.gouv.fr;Ministère de l'Intérieur
*cafseine-maritime.cnafmail.fr;modernisation.gouv.fr;Migration DINUM
*taaf.fr;interieur.gouv.fr;Ministère de l'Intérieur
*aude.gouv.fr;interieur.gouv.fr;Ministère de l'Intérieur
*cabinet.fonction-publique.gouv.fr;modernisation.gouv.fr;Ministère de la Fonction publique, de la Simplification et de la Transformation de l’action publique
*lyon.archi.fr;culture.gouv.fr;Ministère de la Culture
*bourgogne.msa.fr;agriculture.gouv.fr;Ministère de l'Agriculture, de la Souveraineté alimentaire et de la Forêt
*ddc.social.gouv.fr;modernisation.gouv.fr;Migration DINUM
*sgg.pm.gouv.fr;modernisation.gouv.fr;Premier ministre
*climat-energie.gouv.fr;developpement-durable.gouv.fr;Ministère de la Transition écologique, de l’Energie, du Climat et de la Prévention des risques
*parcoursup.fr;modernisation.gouv.fr;Ministère de l’Education nationale
*ac-orleans-tours.fr;modernisation.gouv.fr;Ministère de l’Education nationale
*envt.fr;agriculture.gouv.fr;Ministère de l'Agriculture, de la Souveraineté alimentaire et de la Forêt
*finistere.pref.gouv.fr;interieur.gouv.fr;Ministère de l'Intérieur
*ac-normandie.fr;modernisation.gouv.fr;Ministère de l’Education nationale
*sdis41.fr;modernisation.gouv.fr;Ministère de l'Intérieur
*ihest.fr;modernisation.gouv.fr;Migration DINUM
*aefe.fr;diplomatie.gouv.fr;Ministère de l'Europe et des Affaires étrangères
*jeunesse-sports.gouv.fr;modernisation.gouv.fr;Ministère des Sports et des Jeux Olympiques et Paralympiques
*autorite-statistique-publique.fr;finances.gouv.fr;Migration DINUM
*modernisation.gouv.fr;modernisation.gouv.fr;Ministère de la Fonction publique, de la Simplification et de la Transformation de l’action publique
*region-academique-bourgogne-franche-comte.fr;modernisation.gouv.fr;Ministère de l’Education nationale
*meuse.gouv.fr;interieur.gouv.fr;Ministère de l'Intérieur
*univ-rennes2.fr;modernisation.gouv.fr;Ministère de l'Enseignement supérieur et de la Recherche
*univ-lehavre.fr;modernisation.gouv.fr;Ministère de l'Enseignement supérieur et de la Recherche
*i-carre.net;developpement-durable.gouv.fr;Ministère de la Transition écologique, de l’Energie, du Climat et de la Prévention des risques
*oniam.fr;modernisation.gouv.fr;Migration DINUM
*point-info-famille.fr;modernisation.gouv.fr;Migration DINUM
*npdcp.gouv.fr;interieur.gouv.fr;Ministère de l'Intérieur
*agirc-arrco.fr;modernisation.gouv.fr;Migration DINUM
*univ-fcomte.fr;modernisation.gouv.fr;Ministère de l'Enseignement supérieur et de la Recherche
*sevresciteceramique.fr;culture.gouv.fr;Ministère de la Culture