domain_applicant;domain_validator;Cible du migrator dans RESANA;organization_uuid
ac-wf.wf;modernisation.gouv.fr;Ministère de l’Education nationale;03-01-cebf4ea2-31b6-3c25-a040-29a9ae6dbf67
lupm.in2p3.fr;modernisation.gouv.fr;Migration DINUM;03-01-52e55072-47ec-665f-d787-1df57e98199b
ensc.bordeaux-inp.fr;modernisation.gouv.fr;Ministère de l'Enseignement supérieur et de la Recherche;03-01-3f041b7e-3554-9081-c446-91c19641abb2
cabinets.finances.gouv.fr;finances.gouv.fr;Ministères Economiques et Financiers;03-01-ff0d327b-5eab-b75e-994a-3f23f7375520
ensea.fr;modernisation.gouv.fr;Migration DINUM;03-01-52e55072-47ec-665f-d787-1df57e98199b
dialogue-trianon.fr;developpement-durable.gouv.fr;Ministère de la Transition écologique, de l’Energie, du Climat et de la Prévention des risques;03-01-b3e17a22-0867-bd19-510c-20baf9141361
brgm.fr;modernisation.gouv.fr;Ministère de la Transition écologique, de l’Energie, du Climat et de la Prévention des risques;03-01-b3e17a22-0867-bd19-510c-20baf9141361
pm.gouv.fr;modernisation.gouv.fr;Premier ministre;03-01-54a55a87-eb32-6c2b-6bc7-451be72058e0
ensta-bretagne.fr;modernisation.gouv.fr;Ministère de l'Enseignement supérieur et de la Recherche;03-01-3f041b7e-3554-9081-c446-91c19641abb2
interieur.gouv.fr;interieur.gouv.fr;Ministère de l'Intérieur;03-01-4cad3c9b-cc78-9c87-81e7-c5f6effbbced
sdis43.fr;modernisation.gouv.fr;Ministère de l'Intérieur;03-01-4cad3c9b-cc78-9c87-81e7-c5f6effbbced
culture.fr;culture.gouv.fr;Ministère de la Culture;03-01-e68ab7e2-3748-6d64-fbcd-244ff0685751
guadeloupe.pref.gouv.fr;interieur.gouv.fr;Ministère de l'Intérieur;03-01-4cad3c9b-cc78-9c87-81e7-c5f6effbbced
inshea.fr;modernisation.gouv.fr;Migration DINUM;03-01-52e55072-47ec-665f-d787-1df57e98199b
outre-mer.gouv.fr;interieur.gouv.fr;Ministère des Outre-mer;03-01-65677765-0561-58b2-86c2-d8844dd2db52
rdpi.senat.fr;modernisation.gouv.fr;Migration DINUM;03-01-52e55072-47ec-665f-d787-1df57e98199b
sdis55.fr;modernisation.gouv.fr;Ministère de l'Intérieur;03-01-4cad3c9b-cc78-9c87-81e7-c5f6effbbced
epaurif.fr;modernisation.gouv.fr;Migration DINUM;03-01-52e55072-47ec-665f-d787-1df57e98199b
medecine-de-proximite.fr;modernisation.gouv.fr;Migration DINUM;03-01-52e55072-47ec-665f-d787-1df57e98199b
epms-le-littoral.net;modernisation.gouv.fr;Migration DINUM;03-01-52e55072-47ec-665f-d787-1df57e98199b
enseignementsup-recherche.gouv.fr;modernisation.gouv.fr;Ministère de l'Enseignement supérieur et de la Recherche;03-01-3f041b7e-3554-9081-c446-91c19641abb2
sdis971.fr;modernisation.gouv.fr;Ministère de l'Intérieur;03-01-4cad3c9b-cc78-9c87-81e7-c5f6effbbced
nancy.archi.fr;modernisation.gouv.fr;Ministère de la Culture;03-01-e68ab7e2-3748-6d64-fbcd-244ff0685751
cnous.fr;modernisation.gouv.fr;Ministère de l’Education nationale;03-01-cebf4ea2-31b6-3c25-a040-29a9ae6dbf67
ecologiste.senat.fr;modernisation.gouv.fr;Migration DINUM;03-01-52e55072-47ec-665f-d787-1df57e98199b
academie.defense.gouv.fr;modernisation.gouv.fr;Ministère des Armées et des Anciens combattants;03-01-0c82b003-8c3a-c778-e962-ce32bb1a33e9
cnrs-imn.eu;modernisation.gouv.fr;Ministère de l'Enseignement supérieur et de la Recherche;03-01-3f041b7e-3554-9081-c446-91c19641abb2
signale.internet-mineurs.gouv.fr;interieur.gouv.fr;Ministère de l'Intérieur;03-01-4cad3c9b-cc78-9c87-81e7-c5f6effbbced
sdis90.fr;modernisation.gouv.fr;Ministère de l'Intérieur;03-01-4cad3c9b-cc78-9c87-81e7-c5f6effbbced
rhone-alpes.pref.gouv.fr;interieur.gouv.fr;Ministère de l'Intérieur;03-01-4cad3c9b-cc78-9c87-81e7-c5f6effbbced
guyane.pref.gouv.fr;interieur.gouv.fr;Ministère de l'Intérieur;03-01-4cad3c9b-cc78-9c87-81e7-c5f6effbbced
lpnhe.in2p3.fr;modernisation.gouv.fr;Migration DINUM;03-01-52e55072-47ec-665f-d787-1df57e98199b
immigration-integration.gouv.fr;interieur.gouv.fr;Ministère de l'Intérieur;03-01-4cad3c9b-cc78-9c87-81e7-c5f6effbbced
legiondhonneur.fr;modernisation.gouv.fr;Migration DINUM;03-01-52e55072-47ec-665f-d787-1df57e98199b
ie.gouv.fr;finances.gouv.fr;Ministères Economiques et Financiers;03-01-ff0d327b-5eab-b75e-994a-3f23f7375520
accessibilite.gouv.fr;developpement-durable.gouv.fr;Ministère de la Transition écologique, de l’Energie, du Climat et de la Prévention des risques;03-01-b3e17a22-0867-bd19-510c-20baf9141361
msa59-62.msa.fr;agriculture.gouv.fr;Ministère de l'Agriculture, de la Souveraineté alimentaire et de la Forêt;03-01-31cdbf93-5b3f-4575-14ce-bca46ed1455e
loria.fr;modernisation.gouv.fr;Migration DINUM;03-01-52e55072-47ec-665f-d787-1df57e98199b
ac-rouen.fr;modernisation.gouv.fr;Ministère de l’Education nationale;03-01-cebf4ea2-31b6-3c25-a040-29a9ae6dbf67
sdis77.fr;modernisation.gouv.fr;Ministère de l'Intérieur;03-01-4cad3c9b-cc78-9c87-81e7-c5f6effbbced
univ-orleans.fr;modernisation.gouv.fr;Ministère de l'Enseignement supérieur et de la Recherche;03-01-3f041b7e-3554-9081-c446-91c19641abb2
cnccfp.fr;modernisation.gouv.fr;Migration DINUM;03-01-52e55072-47ec-665f-d787-1df57e98199b
sdis31.fr;modernisation.gouv.fr;Ministère de l'Intérieur;03-01-4cad3c9b-cc78-9c87-81e7-c5f6effbbced
orca-chirurgie-ambulatoire-ars-idf.fr;modernisation.gouv.fr;Migration DINUM;03-01-52e55072-47ec-665f-d787-1df57e98199b
deets.gouv.fr;modernisation.gouv.fr;Ministère de l'Intérieur;03-01-4cad3c9b-cc78-9c87-81e7-c5f6effbbced
cfssi.gouv.fr;modernisation.gouv.fr;Premier ministre;03-01-54a55a87-eb32-6c2b-6bc7-451be72058e0
carsat-normandie.fr;modernisation.gouv.fr;Migration DINUM;03-01-52e55072-47ec-665f-d787-1df57e98199b
wallis-et-futuna.pref.gouv.fr;interieur.gouv.fr;Ministère de l'Intérieur;03-01-4cad3c9b-cc78-9c87-81e7-c5f6effbbced
cab.social-sante.gouv.fr;modernisation.gouv.fr;Ministère de la Santé et de l’Accès aux soins;03-01-f8b950b9-058d-58c3-893e-76c5599078b4
carsat-bfc.fr;modernisation.gouv.fr;Migration DINUM;03-01-52e55072-47ec-665f-d787-1df57e98199b
sante.gouv.fr;modernisation.gouv.fr;Ministère de la Santé et de l’Accès aux soins;03-01-f8b950b9-058d-58c3-893e-76c5599078b4
arcep.fr;modernisation.gouv.fr;Migration DINUM;03-01-52e55072-47ec-665f-d787-1df57e98199b
cotesnormandes.msa.fr;agriculture.gouv.fr;Migration DINUM;03-01-52e55072-47ec-665f-d787-1df57e98199b
ecoledulouvre.fr;culture.gouv.fr;Ministère de la Culture;03-01-e68ab7e2-3748-6d64-fbcd-244ff0685751
infos.pnr.gouv.fr;finances.gouv.fr;Migration DINUM;03-01-52e55072-47ec-665f-d787-1df57e98199b
umontpellier.fr;modernisation.gouv.fr;Ministère de l'Enseignement supérieur et de la Recherche;03-01-3f041b7e-3554-9081-c446-91c19641abb2
creps-vichy.sports.gouv.fr;modernisation.gouv.fr;Ministère des Sports et des Jeux Olympiques et Paralympiques;03-01-06092d7c-9734-caf8-3826-81368066036d
haut-rhin.gouv.fr;interieur.gouv.fr;Ministère de l'Intérieur;03-01-4cad3c9b-cc78-9c87-81e7-c5f6effbbced
ecole-air.fr;modernisation.gouv.fr;Migration DINUM;03-01-52e55072-47ec-665f-d787-1df57e98199b
ecologie-territoires.gouv.fr;developpement-durable.gouv.fr;Ministère de la Transition écologique, de l’Energie, du Climat et de la Prévention des risques;03-01-b3e17a22-0867-bd19-510c-20baf9141361
ccsd.cnrs.fr;modernisation.gouv.fr;Ministère de l'Enseignement supérieur et de la Recherche;03-01-3f041b7e-3554-9081-c446-91c19641abb2
mrccfr.eu;developpement-durable.gouv.fr;Ministère de la Transition écologique, de l’Energie, du Climat et de la Prévention des risques;03-01-b3e17a22-0867-bd19-510c-20baf9141361
transformation.gouv.fr;modernisation.gouv.fr;Ministère de la Fonction publique, de la Simplification et de la Transformation de l’action publique;03-01-7a771fe6-06e3-eba6-8dbd-d03c375c1afc
bercybox.finances.gouv.fr;finances.gouv.fr;Ministères Economiques et Financiers;03-01-ff0d327b-5eab-b75e-994a-3f23f7375520
diffusion.jeunesse-sports.gouv.fr;modernisation.gouv.fr;Ministère des Sports et des Jeux Olympiques et Paralympiques;03-01-06092d7c-9734-caf8-3826-81368066036d
stagiaire.ira-bastia.gouv.fr;modernisation.gouv.fr;Ministère de la Fonction publique, de la Simplification et de la Transformation de l’action publique;03-01-7a771fe6-06e3-eba6-8dbd-d03c375c1afc
dreets.gouv.fr;modernisation.gouv.fr;Ministère du Travail et de l’Emploi;03-01-213197c8-e7f8-1efc-037a-84157f5e4401
commission-refugies.fr;diplomatie.gouv.fr;Ministère de l'Europe et des Affaires étrangères;03-01-ede4390f-232b-54d7-5eb4-8866a8134d67
paris.gouv.fr;interieur.gouv.fr;Ministère de l'Intérieur;03-01-4cad3c9b-cc78-9c87-81e7-c5f6effbbced
ec-lyon.fr;modernisation.gouv.fr;Ministère de l'Enseignement supérieur et de la Recherche;03-01-3f041b7e-3554-9081-c446-91c19641abb2
sdis65.fr;modernisation.gouv.fr;Ministère de l'Intérieur;03-01-4cad3c9b-cc78-9c87-81e7-c5f6effbbced
crce.senat.fr;modernisation.gouv.fr;Migration DINUM;03-01-52e55072-47ec-665f-d787-1df57e98199b
ftlvreunion.fr;modernisation.gouv.fr;Migration DINUM;03-01-52e55072-47ec-665f-d787-1df57e98199b
formation.gouv.fr;modernisation.gouv.fr;Migration DINUM;03-01-52e55072-47ec-665f-d787-1df57e98199b
pole-emploi.fr;modernisation.gouv.fr;Migration DINUM;03-01-52e55072-47ec-665f-d787-1df57e98199b
ac-nancy-metz.fr;modernisation.gouv.fr;Ministère de l’Education nationale;03-01-cebf4ea2-31b6-3c25-a040-29a9ae6dbf67
campusfrance.org;diplomatie.gouv.fr;Ministère de l'Europe et des Affaires étrangères;03-01-ede4390f-232b-54d7-5eb4-8866a8134d67
sdis79.fr;modernisation.gouv.fr;Ministère de l'Intérieur;03-01-4cad3c9b-cc78-9c87-81e7-c5f6effbbced
debatpublic.fr;modernisation.gouv.fr;Migration DINUM;03-01-52e55072-47ec-665f-d787-1df57e98199b
cps-stbarth.msa.fr;agriculture.gouv.fr;Ministère de l'Agriculture, de la Souveraineté alimentaire et de la Forêt;03-01-31cdbf93-5b3f-4575-14ce-bca46ed1455e
cre.fr;modernisation.gouv.fr;Migration DINUM;03-01-52e55072-47ec-665f-d787-1df57e98199b
pompiers64.fr;modernisation.gouv.fr;Ministère de l'Intérieur;03-01-4cad3c9b-cc78-9c87-81e7-c5f6effbbced
vet-alfort.fr;agriculture.gouv.fr;Ministère de l'Agriculture, de la Souveraineté alimentaire et de la Forêt;03-01-31cdbf93-5b3f-4575-14ce-bca46ed1455e
citedelarchitecture.fr;culture.gouv.fr;Ministère de la Culture;03-01-e68ab7e2-3748-6d64-fbcd-244ff0685751
ineris.fr;developpement-durable.gouv.fr;Ministère de la Transition écologique, de l’Energie, du Climat et de la Prévention des risques;03-01-b3e17a22-0867-bd19-510c-20baf9141361
apa.gouv.fr;modernisation.gouv.fr;Migration DINUM;03-01-52e55072-47ec-665f-d787-1df57e98199b
agence-regionale-sante.gouv.fr;modernisation.gouv.fr;Ministère de la Santé et de l’Accès aux soins;03-01-f8b950b9-058d-58c3-893e-76c5599078b4
cohesion-territoires.gouv.fr;developpement-durable.gouv.fr;Ministère de la Transition écologique, de l’Energie, du Climat et de la Prévention des risques;03-01-b3e17a22-0867-bd19-510c-20baf9141361
inserm.fr;modernisation.gouv.fr;Ministère de l'Enseignement supérieur et de la Recherche;03-01-3f041b7e-3554-9081-c446-91c19641abb2
cotes-darmor.pref.gouv.fr;interieur.gouv.fr;Ministère de l'Intérieur;03-01-4cad3c9b-cc78-9c87-81e7-c5f6effbbced
universite-lyon.fr;modernisation.gouv.fr;Ministère de l'Enseignement supérieur et de la Recherche;03-01-3f041b7e-3554-9081-c446-91c19641abb2
oppic.fr;culture.gouv.fr;Ministère de la Culture;03-01-e68ab7e2-3748-6d64-fbcd-244ff0685751
creps-montpellier.sports.gouv.fr;modernisation.gouv.fr;Ministère des Sports et des Jeux Olympiques et Paralympiques;03-01-06092d7c-9734-caf8-3826-81368066036d
igas.gouv.fr;modernisation.gouv.fr;Migration DINUM;03-01-52e55072-47ec-665f-d787-1df57e98199b
univ-montp3.fr;modernisation.gouv.fr;Ministère de l'Enseignement supérieur et de la Recherche;03-01-3f041b7e-3554-9081-c446-91c19641abb2
sdis45.fr;modernisation.gouv.fr;Ministère de l'Intérieur;03-01-4cad3c9b-cc78-9c87-81e7-c5f6effbbced
acal.gouv.fr;interieur.gouv.fr;Ministère de l'Intérieur;03-01-4cad3c9b-cc78-9c87-81e7-c5f6effbbced
ac-rennes.fr;modernisation.gouv.fr;Ministère de l’Education nationale;03-01-cebf4ea2-31b6-3c25-a040-29a9ae6dbf67
france-bioinformatique.fr;modernisation.gouv.fr;Migration DINUM;03-01-52e55072-47ec-665f-d787-1df57e98199b
sdis21.fr;modernisation.gouv.fr;Ministère de l'Intérieur;03-01-4cad3c9b-cc78-9c87-81e7-c5f6effbbced
rhone.gouv.fr;interieur.gouv.fr;Ministère de l'Intérieur;03-01-4cad3c9b-cc78-9c87-81e7-c5f6effbbced
hci.gouv.fr;modernisation.gouv.fr;Migration DINUM;03-01-52e55072-47ec-665f-d787-1df57e98199b
charentes.msa.fr;agriculture.gouv.fr;Ministère de l'Agriculture, de la Souveraineté alimentaire et de la Forêt;03-01-31cdbf93-5b3f-4575-14ce-bca46ed1455e
dordogne.gouv.fr;interieur.gouv.fr;Ministère de l'Intérieur;03-01-4cad3c9b-cc78-9c87-81e7-c5f6effbbced
giphabitat.org;developpement-durable.gouv.fr;Ministère de la Transition écologique, de l’Energie, du Climat et de la Prévention des risques;03-01-b3e17a22-0867-bd19-510c-20baf9141361
doubs.gouv.fr;interieur.gouv.fr;Ministère de l'Intérieur;03-01-4cad3c9b-cc78-9c87-81e7-c5f6effbbced
mer.gouv.fr;modernisation.gouv.fr;Ministère de la Mer et de la Pêche;03-01-d92536e0-e357-82d5-0bb6-fc9fb8f28729
ac-spm.fr;modernisation.gouv.fr;Ministère de l’Education nationale;03-01-cebf4ea2-31b6-3c25-a040-29a9ae6dbf67
region-academique-ile-de-france.fr;modernisation.gouv.fr;Ministère de l’Education nationale;03-01-cebf4ea2-31b6-3c25-a040-29a9ae6dbf67
applications.apie.gouv.fr;finances.gouv.fr;Ministères Economiques et Financiers;03-01-ff0d327b-5eab-b75e-994a-3f23f7375520
service-public.fr;modernisation.gouv.fr;Premier ministre;03-01-54a55a87-eb32-6c2b-6bc7-451be72058e0
ifce.fr;agriculture.gouv.fr;Ministère de l'Agriculture, de la Souveraineté alimentaire et de la Forêt;03-01-31cdbf93-5b3f-4575-14ce-bca46ed1455e
quaibranly.fr;culture.gouv.fr;Ministère de la Culture;03-01-e68ab7e2-3748-6d64-fbcd-244ff0685751
injep.fr;modernisation.gouv.fr;Migration DINUM;03-01-52e55072-47ec-665f-d787-1df57e98199b
univ-eiffel.fr;modernisation.gouv.fr;Ministère de l'Enseignement supérieur et de la Recherche;03-01-3f041b7e-3554-9081-c446-91c19641abb2
eau-adour-garonne.fr;developpement-durable.gouv.fr;Ministère de la Transition écologique, de l’Energie, du Climat et de la Prévention des risques;03-01-b3e17a22-0867-bd19-510c-20baf9141361
educagri.fr;agriculture.gouv.fr;Ministère de l'Agriculture, de la Souveraineté alimentaire et de la Forêt;03-01-31cdbf93-5b3f-4575-14ce-bca46ed1455e
agencedusport.fr;modernisation.gouv.fr;Ministère des Sports et des Jeux Olympiques et Paralympiques;03-01-06092d7c-9734-caf8-3826-81368066036d
sdis67.fr;modernisation.gouv.fr;Ministère de l'Intérieur;03-01-4cad3c9b-cc78-9c87-81e7-c5f6effbbced
region-academique-reunion.fr;modernisation.gouv.fr;Ministère de l’Education nationale;03-01-cebf4ea2-31b6-3c25-a040-29a9ae6dbf67
sdis11.fr;modernisation.gouv.fr;Ministère de l'Intérieur;03-01-4cad3c9b-cc78-9c87-81e7-c5f6effbbced
bnf.fr;culture.gouv.fr;Ministère de la Culture;03-01-e68ab7e2-3748-6d64-fbcd-244ff0685751
atih.sante.fr;modernisation.gouv.fr;Ministère de la Santé et de l’Accès aux soins;03-01-f8b950b9-058d-58c3-893e-76c5599078b4
ensfea.fr;modernisation.gouv.fr;Ministère de l'Agriculture, de la Souveraineté alimentaire et de la Forêt;03-01-31cdbf93-5b3f-4575-14ce-bca46ed1455e
villamedici.it;culture.gouv.fr;Ministère de la Culture;03-01-e68ab7e2-3748-6d64-fbcd-244ff0685751
has-sante.fr;modernisation.gouv.fr;Ministère de la Santé et de l’Accès aux soins;03-01-f8b950b9-058d-58c3-893e-76c5599078b4
pyrenees-parcnational.fr;developpement-durable.gouv.fr;Ministère de la Transition écologique, de l’Energie, du Climat et de la Prévention des risques;03-01-b3e17a22-0867-bd19-510c-20baf9141361
telecom-paris.fr;finances.gouv.fr;Ministère de l'Enseignement supérieur et de la Recherche;03-01-3f041b7e-3554-9081-c446-91c19641abb2
sports.gouv.fr;modernisation.gouv.fr;Ministère des Sports et des Jeux Olympiques et Paralympiques;03-01-06092d7c-9734-caf8-3826-81368066036d
parisdescartes.fr;modernisation.gouv.fr;Ministère de l'Enseignement supérieur et de la Recherche;03-01-3f041b7e-3554-9081-c446-91c19641abb2
nrbce.gouv.fr;modernisation.gouv.fr;Premier ministre;03-01-54a55a87-eb32-6c2b-6bc7-451be72058e0
ira-lyon.gouv.fr;modernisation.gouv.fr;Ministère de la Fonction publique, de la Simplification et de la Transformation de l’action publique;03-01-7a771fe6-06e3-eba6-8dbd-d03c375c1afc
cafbordeaux.cnafmail.fr;modernisation.gouv.fr;Migration DINUM;03-01-52e55072-47ec-665f-d787-1df57e98199b
clcf.gouv.fr;modernisation.gouv.fr;Migration DINUM;03-01-52e55072-47ec-665f-d787-1df57e98199b
sdis89.fr;modernisation.gouv.fr;Ministère de l'Intérieur;03-01-4cad3c9b-cc78-9c87-81e7-c5f6effbbced
metiersdugrandage.gouv.fr;modernisation.gouv.fr;Migration DINUM;03-01-52e55072-47ec-665f-d787-1df57e98199b
isere.gouv.fr;interieur.gouv.fr;Ministère de l'Intérieur;03-01-4cad3c9b-cc78-9c87-81e7-c5f6effbbced
seine-et-marne.gouv.fr;interieur.gouv.fr;Ministère de l'Intérieur;03-01-4cad3c9b-cc78-9c87-81e7-c5f6effbbced
student.ecp.fr;modernisation.gouv.fr;Migration DINUM;03-01-52e55072-47ec-665f-d787-1df57e98199b
ens.psl.eu;modernisation.gouv.fr;Ministère de l'Enseignement supérieur et de la Recherche;03-01-3f041b7e-3554-9081-c446-91c19641abb2
sdis33.fr;modernisation.gouv.fr;Ministère de l'Intérieur;03-01-4cad3c9b-cc78-9c87-81e7-c5f6effbbced
caf89.caf.fr;modernisation.gouv.fr;Migration DINUM;03-01-52e55072-47ec-665f-d787-1df57e98199b
france-enfance-protegee.fr;modernisation.gouv.fr;Migration DINUM;03-01-52e55072-47ec-665f-d787-1df57e98199b
grenoble.archi.fr;culture.gouv.fr;Ministère de la Culture;03-01-e68ab7e2-3748-6d64-fbcd-244ff0685751
somme.gouv.fr;interieur.gouv.fr;Ministère de l'Intérieur;03-01-4cad3c9b-cc78-9c87-81e7-c5f6effbbced
hauts-de-seine.gouv.fr;interieur.gouv.fr;Ministère de l'Intérieur;03-01-4cad3c9b-cc78-9c87-81e7-c5f6effbbced
eleves.ira-bastia.gouv.fr;modernisation.gouv.fr;Ministère de la Fonction publique, de la Simplification et de la Transformation de l’action publique;03-01-7a771fe6-06e3-eba6-8dbd-d03c375c1afc
cenbg.in2p3.fr;modernisation.gouv.fr;Migration DINUM;03-01-52e55072-47ec-665f-d787-1df57e98199b
region-academique-aura.fr;modernisation.gouv.fr;Ministère de l’Education nationale;03-01-cebf4ea2-31b6-3c25-a040-29a9ae6dbf67
sdis69.fr;modernisation.gouv.fr;Ministère de l'Intérieur;03-01-4cad3c9b-cc78-9c87-81e7-c5f6effbbced
bas-rhin.gouv.fr;interieur.gouv.fr;Ministère de l'Intérieur;03-01-4cad3c9b-cc78-9c87-81e7-c5f6effbbced
esante.gouv.fr;modernisation.gouv.fr;Ministère de la Santé et de l’Accès aux soins;03-01-f8b950b9-058d-58c3-893e-76c5599078b4
caf04.caf.fr;modernisation.gouv.fr;Migration DINUM;03-01-52e55072-47ec-665f-d787-1df57e98199b
cgss-guyane.fr;modernisation.gouv.fr;Migration DINUM;03-01-52e55072-47ec-665f-d787-1df57e98199b
loire-atlantique.gouv.fr;interieur.gouv.fr;Ministère de l'Intérieur;03-01-4cad3c9b-cc78-9c87-81e7-c5f6effbbced
carsat-am.fr;agriculture.gouv.fr;Ministère de l'Agriculture, de la Souveraineté alimentaire et de la Forêt;03-01-31cdbf93-5b3f-4575-14ce-bca46ed1455e
vjs.gouv.fr;modernisation.gouv.fr;Migration DINUM;03-01-52e55072-47ec-665f-d787-1df57e98199b
atilf.fr;modernisation.gouv.fr;Migration DINUM;03-01-52e55072-47ec-665f-d787-1df57e98199b
ac-reims.fr;modernisation.gouv.fr;Ministère de l’Education nationale;03-01-cebf4ea2-31b6-3c25-a040-29a9ae6dbf67
fonction-publique.gouv.fr;finances.gouv.fr;Ministère de la Fonction publique, de la Simplification et de la Transformation de l’action publique;03-01-7a771fe6-06e3-eba6-8dbd-d03c375c1afc
social.gouv.fr;modernisation.gouv.fr;Ministères sociaux - Secrétariat général;03-01-d553fcef-bd13-1016-efb1-aed325d78f63
creps-bordeaux.sports.gouv.fr;modernisation.gouv.fr;Ministère des Sports et des Jeux Olympiques et Paralympiques;03-01-06092d7c-9734-caf8-3826-81368066036d
strategie.gouv.fr;modernisation.gouv.fr;Premier ministre;03-01-54a55a87-eb32-6c2b-6bc7-451be72058e0
glfl.edu.lb;diplomatie.gouv.fr;Ministère de l'Europe et des Affaires étrangères;03-01-ede4390f-232b-54d7-5eb4-8866a8134d67
urssaf.fr;modernisation.gouv.fr;Migration DINUM;03-01-52e55072-47ec-665f-d787-1df57e98199b
telecom.gouv.fr;finances.gouv.fr;Ministère de l'Enseignement supérieur et de la Recherche;03-01-3f041b7e-3554-9081-c446-91c19641abb2
irstea.fr;agriculture.gouv.fr;Ministère de l'Agriculture, de la Souveraineté alimentaire et de la Forêt;03-01-31cdbf93-5b3f-4575-14ce-bca46ed1455e
asi-aeroports.fr;developpement-durable.gouv.fr;Ministère de la Transition écologique, de l’Energie, du Climat et de la Prévention des risques;03-01-b3e17a22-0867-bd19-510c-20baf9141361
nievre.gouv.fr;interieur.gouv.fr;Ministère de l'Intérieur;03-01-4cad3c9b-cc78-9c87-81e7-c5f6effbbced
regis-dgac.net;developpement-durable.gouv.fr;Ministère de la Transition écologique, de l’Energie, du Climat et de la Prévention des risques;03-01-b3e17a22-0867-bd19-510c-20baf9141361
efs.sante.fr;modernisation.gouv.fr;Ministère de la Santé et de l’Accès aux soins;03-01-f8b950b9-058d-58c3-893e-76c5599078b4
cnpf.fr;agriculture.gouv.fr;Ministère de l'Agriculture, de la Souveraineté alimentaire et de la Forêt;03-01-31cdbf93-5b3f-4575-14ce-bca46ed1455e
institutfrancais-chine.com;diplomatie.gouv.fr;Ministère de l'Europe et des Affaires étrangères;03-01-ede4390f-232b-54d7-5eb4-8866a8134d67
ac-versailles.fr;modernisation.gouv.fr;Ministère de l’Education nationale;03-01-cebf4ea2-31b6-3c25-a040-29a9ae6dbf67
ipev.fr;modernisation.gouv.fr;Migration DINUM;03-01-52e55072-47ec-665f-d787-1df57e98199b
defenseurdesdroits.fr;modernisation.gouv.fr;Premier ministre;03-01-54a55a87-eb32-6c2b-6bc7-451be72058e0
stagiaire.ira-lille.gouv.fr;modernisation.gouv.fr;Ministère de la Fonction publique, de la Simplification et de la Transformation de l’action publique;03-01-7a771fe6-06e3-eba6-8dbd-d03c375c1afc
operadeparis.fr;culture.gouv.fr;Ministère de la Culture;03-01-e68ab7e2-3748-6d64-fbcd-244ff0685751
cnccep.fr;modernisation.gouv.fr;Migration DINUM;03-01-52e55072-47ec-665f-d787-1df57e98199b
cnrs.fr;modernisation.gouv.fr;Ministère de l'Enseignement supérieur et de la Recherche;03-01-3f041b7e-3554-9081-c446-91c19641abb2
pointinfofamille.fr;modernisation.gouv.fr;Migration DINUM;03-01-52e55072-47ec-665f-d787-1df57e98199b
numerique.gouv.fr;modernisation.gouv.fr;Ministère de la Fonction publique, de la Simplification et de la Transformation de l’action publique;03-01-7a771fe6-06e3-eba6-8dbd-d03c375c1afc
renater.fr;modernisation.gouv.fr;Ministère de l'Enseignement supérieur et de la Recherche;03-01-3f041b7e-3554-9081-c446-91c19641abb2
crous-creteil.fr;modernisation.gouv.fr;Ministère de l'Enseignement supérieur et de la Recherche;03-01-3f041b7e-3554-9081-c446-91c19641abb2
u-pec.fr;modernisation.gouv.fr;Ministère de l'Enseignement supérieur et de la Recherche;03-01-3f041b7e-3554-9081-c446-91c19641abb2
univ-paris-diderot.fr;modernisation.gouv.fr;Ministère de l'Enseignement supérieur et de la Recherche;03-01-3f041b7e-3554-9081-c446-91c19641abb2
sdis35.fr;modernisation.gouv.fr;Ministère de l'Intérieur;03-01-4cad3c9b-cc78-9c87-81e7-c5f6effbbced
recherche.gouv.fr;modernisation.gouv.fr;Ministère de l'Enseignement supérieur et de la Recherche;03-01-3f041b7e-3554-9081-c446-91c19641abb2
lorraine.msa.fr;agriculture.gouv.fr;Ministère de l'Agriculture, de la Souveraineté alimentaire et de la Forêt;03-01-31cdbf93-5b3f-4575-14ce-bca46ed1455e
afa.gouv.fr;finances.gouv.fr;Ministères Economiques et Financiers;03-01-ff0d327b-5eab-b75e-994a-3f23f7375520
crous-nice.fr;modernisation.gouv.fr;Ministère de l'Enseignement supérieur et de la Recherche;03-01-3f041b7e-3554-9081-c446-91c19641abb2
cvtheque-ecologie.ader.gouv.fr;developpement-durable.gouv.fr;Ministère de la Transition écologique, de l’Energie, du Climat et de la Prévention des risques;03-01-b3e17a22-0867-bd19-510c-20baf9141361
u-bourgogne.fr;modernisation.gouv.fr;Ministère de l'Enseignement supérieur et de la Recherche;03-01-3f041b7e-3554-9081-c446-91c19641abb2
alpes-de-haute-provence.gouv.fr;interieur.gouv.fr;Ministère de l'Intérieur;03-01-4cad3c9b-cc78-9c87-81e7-c5f6effbbced
iga.interieur.gouv.fr;interieur.gouv.fr;Ministère de l'Intérieur;03-01-4cad3c9b-cc78-9c87-81e7-c5f6effbbced
inrap.fr;culture.gouv.fr;Ministère de la Culture;03-01-e68ab7e2-3748-6d64-fbcd-244ff0685751
dieccte.gouv.fr;modernisation.gouv.fr;Ministère du Travail et de l’Emploi;03-01-213197c8-e7f8-1efc-037a-84157f5e4401
uvsq.fr;modernisation.gouv.fr;Ministère de l'Enseignement supérieur et de la Recherche;03-01-3f041b7e-3554-9081-c446-91c19641abb2
ensosp.fr;interieur.gouv.fr;Ministère de l'Intérieur;03-01-4cad3c9b-cc78-9c87-81e7-c5f6effbbced
personnesagees.gouv.fr;modernisation.gouv.fr;Ministère de la Santé et de l’Accès aux soins;03-01-f8b950b9-058d-58c3-893e-76c5599078b4
sdmis.fr;modernisation.gouv.fr;Migration DINUM;03-01-52e55072-47ec-665f-d787-1df57e98199b
civs.gouv.fr;modernisation.gouv.fr;Migration DINUM;03-01-52e55072-47ec-665f-d787-1df57e98199b
fpred.gouv.fr;modernisation.gouv.fr;Migration DINUM;03-01-52e55072-47ec-665f-d787-1df57e98199b
ademe.fr;developpement-durable.gouv.fr;Ministère de la Transition écologique, de l’Energie, du Climat et de la Prévention des risques;03-01-b3e17a22-0867-bd19-510c-20baf9141361
var.dgccrf.finances.gouv.fr;dgccrf.finances.gouv.fr;Ministères Economiques et Financiers;03-01-ff0d327b-5eab-b75e-994a-3f23f7375520
icmcb.cnrs.fr;modernisation.gouv.fr;Ministère de l'Enseignement supérieur et de la Recherche;03-01-3f041b7e-3554-9081-c446-91c19641abb2
defense.gouv.fr;modernisation.gouv.fr;Ministère des Armées et des Anciens combattants;03-01-0c82b003-8c3a-c778-e962-ce32bb1a33e9
beauxartsparis.fr;culture.gouv.fr;Ministère de la Culture;03-01-e68ab7e2-3748-6d64-fbcd-244ff0685751
assurance-maladie.gouv.fr;modernisation.gouv.fr;Ministère de la Santé et de l’Accès aux soins;03-01-f8b950b9-058d-58c3-893e-76c5599078b4
fpre.gouv.fr;modernisation.gouv.fr;Migration DINUM;03-01-52e55072-47ec-665f-d787-1df57e98199b
haute-marne.gouv.fr;interieur.gouv.fr;Ministère de l'Intérieur;03-01-4cad3c9b-cc78-9c87-81e7-c5f6effbbced
region-academique-pays-de-la-loire.fr;modernisation.gouv.fr;Ministère de l’Education nationale;03-01-cebf4ea2-31b6-3c25-a040-29a9ae6dbf67
ensapc.fr;culture.gouv.fr;Ministère de la Culture;03-01-e68ab7e2-3748-6d64-fbcd-244ff0685751
terminologie.jeunesse-sports.gouv.fr;modernisation.gouv.fr;Ministère des Sports et des Jeux Olympiques et Paralympiques;03-01-06092d7c-9734-caf8-3826-81368066036d
sdis57.fr;modernisation.gouv.fr;Ministère de l'Intérieur;03-01-4cad3c9b-cc78-9c87-81e7-c5f6effbbced
inrae.fr;modernisation.gouv.fr;Ministère de l'Enseignement supérieur et de la Recherche;03-01-3f041b7e-3554-9081-c446-91c19641abb2
ign.fr;developpement-durable.gouv.fr;Ministère de la Transition écologique, de l’Energie, du Climat et de la Prévention des risques;03-01-b3e17a22-0867-bd19-510c-20baf9141361
dr19.cnrs.fr;modernisation.gouv.fr;Ministère de l'Enseignement supérieur et de la Recherche;03-01-3f041b7e-3554-9081-c446-91c19641abb2
ardechedromeloire.msa.fr;agriculture.gouv.fr;Ministère de l'Agriculture, de la Souveraineté alimentaire et de la Forêt;03-01-31cdbf93-5b3f-4575-14ce-bca46ed1455e
autorite-transports.fr;modernisation.gouv.fr;Migration DINUM;03-01-52e55072-47ec-665f-d787-1df57e98199b
dr5.cnrs.fr;modernisation.gouv.fr;Ministère de l'Enseignement supérieur et de la Recherche;03-01-3f041b7e-3554-9081-c446-91c19641abb2
seine-saint-denis.gouv.fr;interieur.gouv.fr;Ministère de l'Intérieur;03-01-4cad3c9b-cc78-9c87-81e7-c5f6effbbced
ac-corse.fr;modernisation.gouv.fr;Ministère de l’Education nationale;03-01-cebf4ea2-31b6-3c25-a040-29a9ae6dbf67
sdis01.fr;modernisation.gouv.fr;Ministère de l'Intérieur;03-01-4cad3c9b-cc78-9c87-81e7-c5f6effbbced
sdis973.fr;modernisation.gouv.fr;Ministère de l'Intérieur;03-01-4cad3c9b-cc78-9c87-81e7-c5f6effbbced
iphc.cnrs.fr;modernisation.gouv.fr;Ministère de l'Enseignement supérieur et de la Recherche;03-01-3f041b7e-3554-9081-c446-91c19641abb2
var.gouv.fr;interieur.gouv.fr;Ministère de l'Intérieur;03-01-4cad3c9b-cc78-9c87-81e7-c5f6effbbced
cndaspe.fr;developpement-durable.gouv.fr;Ministère de la Transition écologique, de l’Energie, du Climat et de la Prévention des risques;03-01-b3e17a22-0867-bd19-510c-20baf9141361
cnctr.fr;modernisation.gouv.fr;Migration DINUM;03-01-52e55072-47ec-665f-d787-1df57e98199b
pas-de-calais.gouv.fr;interieur.gouv.fr;Ministère de l'Intérieur;03-01-4cad3c9b-cc78-9c87-81e7-c5f6effbbced
sdis82.fr;modernisation.gouv.fr;Ministère de l'Intérieur;03-01-4cad3c9b-cc78-9c87-81e7-c5f6effbbced
gironde.gouv.fr;interieur.gouv.fr;Ministère de l'Intérieur;03-01-4cad3c9b-cc78-9c87-81e7-c5f6effbbced
nouvelle-aquitaine.pref.gouv.fr;interieur.gouv.fr;Ministère de l'Intérieur;03-01-4cad3c9b-cc78-9c87-81e7-c5f6effbbced
asn.fr;modernisation.gouv.fr;Migration DINUM;03-01-52e55072-47ec-665f-d787-1df57e98199b
creps-reims.sports.gouv.fr;modernisation.gouv.fr;Ministère des Sports et des Jeux Olympiques et Paralympiques;03-01-06092d7c-9734-caf8-3826-81368066036d
biep.gouv.fr;modernisation.gouv.fr;Premier ministre;03-01-54a55a87-eb32-6c2b-6bc7-451be72058e0
sante-famille-handicap.gouv.fr;modernisation.gouv.fr;Ministère de la Santé et de l’Accès aux soins;03-01-f8b950b9-058d-58c3-893e-76c5599078b4
reunion.gouv.fr;interieur.gouv.fr;Ministère de l'Intérieur;03-01-4cad3c9b-cc78-9c87-81e7-c5f6effbbced
clemi.fr;modernisation.gouv.fr;Migration DINUM;03-01-52e55072-47ec-665f-d787-1df57e98199b
stagiaire.epide.fr;modernisation.gouv.fr;Ministère des Armées et des Anciens combattants;03-01-0c82b003-8c3a-c778-e962-ce32bb1a33e9
lal.in2p3.fr;modernisation.gouv.fr;Migration DINUM;03-01-52e55072-47ec-665f-d787-1df57e98199b
minefi.gouv.fr;finances.gouv.fr;Ministères Economiques et Financiers;03-01-ff0d327b-5eab-b75e-994a-3f23f7375520
ladom.fr;interieur.gouv.fr;Ministère de l'Intérieur;03-01-4cad3c9b-cc78-9c87-81e7-c5f6effbbced
puy-de-dome.gouv.fr;interieur.gouv.fr;Ministère de l'Intérieur;03-01-4cad3c9b-cc78-9c87-81e7-c5f6effbbced
picardie.msa.fr;agriculture.gouv.fr;Ministère de l'Agriculture, de la Souveraineté alimentaire et de la Forêt;03-01-31cdbf93-5b3f-4575-14ce-bca46ed1455e
csnp.fr;finances.gouv.fr;Ministères Economiques et Financiers;03-01-ff0d327b-5eab-b75e-994a-3f23f7375520
douanes.finances.gouv.fr;douane.finances.gouv.fr;DGDDI - Direction générale des Douanes et Droits indirects;03-01-09dee66c-d737-49ee-85df-93a9ef487375
carsat-mp.fr;modernisation.gouv.fr;Migration DINUM;03-01-52e55072-47ec-665f-d787-1df57e98199b
ancols.fr;modernisation.gouv.fr;Migration DINUM;03-01-52e55072-47ec-665f-d787-1df57e98199b
sdis13.fr;modernisation.gouv.fr;Ministère de l'Intérieur;03-01-4cad3c9b-cc78-9c87-81e7-c5f6effbbced
mpn.msa.fr;agriculture.gouv.fr;Ministère de l'Agriculture, de la Souveraineté alimentaire et de la Forêt;03-01-31cdbf93-5b3f-4575-14ce-bca46ed1455e
haute-garonne.gouv.fr;interieur.gouv.fr;Ministère de l'Intérieur;03-01-4cad3c9b-cc78-9c87-81e7-c5f6effbbced
maia3.ader.gouv.fr;modernisation.gouv.fr;Premier ministre;03-01-54a55a87-eb32-6c2b-6bc7-451be72058e0
fiva.fr;modernisation.gouv.fr;Migration DINUM;03-01-52e55072-47ec-665f-d787-1df57e98199b
cidol.logement.gouv.fr;developpement-durable.gouv.fr;Ministère de la Transition écologique, de l’Energie, du Climat et de la Prévention des risques;03-01-b3e17a22-0867-bd19-510c-20baf9141361
polynesie-francaise.gouv.fr;interieur.gouv.fr;Ministère de l'Intérieur;03-01-4cad3c9b-cc78-9c87-81e7-c5f6effbbced
exploitannuaire3.ader.gouv.fr;modernisation.gouv.fr;Premier ministre;03-01-54a55a87-eb32-6c2b-6bc7-451be72058e0
sdis59.fr;modernisation.gouv.fr;Ministère de l'Intérieur;03-01-4cad3c9b-cc78-9c87-81e7-c5f6effbbced
auvergne.msa.fr;agriculture.gouv.fr;Ministère de l'Agriculture, de la Souveraineté alimentaire et de la Forêt;03-01-31cdbf93-5b3f-4575-14ce-bca46ed1455e
mps.msa.fr;agriculture.gouv.fr;Ministère de l'Agriculture, de la Souveraineté alimentaire et de la Forêt;03-01-31cdbf93-5b3f-4575-14ce-bca46ed1455e
crous-montpellier.fr;modernisation.gouv.fr;Ministère de l'Enseignement supérieur et de la Recherche;03-01-3f041b7e-3554-9081-c446-91c19641abb2
service-public.fr.preprod.ext.dila.fr;modernisation.gouv.fr;Premier ministre;03-01-54a55a87-eb32-6c2b-6bc7-451be72058e0
isae-supaero.fr;modernisation.gouv.fr;Ministère de l'Enseignement supérieur et de la Recherche;03-01-3f041b7e-3554-9081-c446-91c19641abb2
coe.gouv.fr;modernisation.gouv.fr;Migration DINUM;03-01-52e55072-47ec-665f-d787-1df57e98199b
sdis80.fr;modernisation.gouv.fr;Ministère de l'Intérieur;03-01-4cad3c9b-cc78-9c87-81e7-c5f6effbbced
ladocumentationfrancaise.fr;modernisation.gouv.fr;Premier ministre;03-01-54a55a87-eb32-6c2b-6bc7-451be72058e0
sciencespo.fr;modernisation.gouv.fr;Ministère de l'Enseignement supérieur et de la Recherche;03-01-3f041b7e-3554-9081-c446-91c19641abb2
imbe.fr;modernisation.gouv.fr;Migration DINUM;03-01-52e55072-47ec-665f-d787-1df57e98199b
ciep.fr;modernisation.gouv.fr;Migration DINUM;03-01-52e55072-47ec-665f-d787-1df57e98199b
ijclab.in2p3.fr;modernisation.gouv.fr;Migration DINUM;03-01-52e55072-47ec-665f-d787-1df57e98199b
studio-sircom.fr;finances.gouv.fr;Ministères Economiques et Financiers;03-01-ff0d327b-5eab-b75e-994a-3f23f7375520
deux-sevres.gouv.fr;interieur.gouv.fr;Ministère de l'Intérieur;03-01-4cad3c9b-cc78-9c87-81e7-c5f6effbbced
creps-poitiers.sports.gouv.fr;modernisation.gouv.fr;Ministère des Sports et des Jeux Olympiques et Paralympiques;03-01-06092d7c-9734-caf8-3826-81368066036d
insa-lyon.fr;modernisation.gouv.fr;Ministère de l'Enseignement supérieur et de la Recherche;03-01-3f041b7e-3554-9081-c446-91c19641abb2
cncdh.fr;modernisation.gouv.fr;Migration DINUM;03-01-52e55072-47ec-665f-d787-1df57e98199b
france-universite-numerique.fr;modernisation.gouv.fr;Ministère de l'Enseignement supérieur et de la Recherche;03-01-3f041b7e-3554-9081-c446-91c19641abb2
ara.gouv.fr;interieur.gouv.fr;Ministère de l'Intérieur;03-01-4cad3c9b-cc78-9c87-81e7-c5f6effbbced
sdis25.fr;modernisation.gouv.fr;Ministère de l'Intérieur;03-01-4cad3c9b-cc78-9c87-81e7-c5f6effbbced
univ-reims.fr;modernisation.gouv.fr;Ministère de l'Enseignement supérieur et de la Recherche;03-01-3f041b7e-3554-9081-c446-91c19641abb2
cgss.re;modernisation.gouv.fr;Migration DINUM;03-01-52e55072-47ec-665f-d787-1df57e98199b
rdse.senat.fr;modernisation.gouv.fr;Migration DINUM;03-01-52e55072-47ec-665f-d787-1df57e98199b
iedom-ieom.fr;finances.gouv.fr;Ministères Economiques et Financiers;03-01-ff0d327b-5eab-b75e-994a-3f23f7375520
ardeche.gouv.fr;interieur.gouv.fr;Ministère de l'Intérieur;03-01-4cad3c9b-cc78-9c87-81e7-c5f6effbbced
invalides.fr;modernisation.gouv.fr;Migration DINUM;03-01-52e55072-47ec-665f-d787-1df57e98199b
cab-emploi.gouv.fr;modernisation.gouv.fr;Ministère du Travail et de l’Emploi;03-01-213197c8-e7f8-1efc-037a-84157f5e4401
cgss973.msa.fr;modernisation.gouv.fr;Migration DINUM;03-01-52e55072-47ec-665f-d787-1df57e98199b
dsi.cnrs.fr;modernisation.gouv.fr;Ministère de l'Enseignement supérieur et de la Recherche;03-01-3f041b7e-3554-9081-c446-91c19641abb2
amf.asso.fr;modernisation.gouv.fr;Migration DINUM;03-01-52e55072-47ec-665f-d787-1df57e98199b
carsat-centreouest.fr;modernisation.gouv.fr;Migration DINUM;03-01-52e55072-47ec-665f-d787-1df57e98199b
region-academique-corse.fr;modernisation.gouv.fr;Ministère de l’Education nationale;03-01-cebf4ea2-31b6-3c25-a040-29a9ae6dbf67
promo53.ira-metz.gouv.fr;modernisation.gouv.fr;Ministère de la Fonction publique, de la Simplification et de la Transformation de l’action publique;03-01-7a771fe6-06e3-eba6-8dbd-d03c375c1afc
cotes-darmor.gouv.fr;interieur.gouv.fr;Ministère de l'Intérieur;03-01-4cad3c9b-cc78-9c87-81e7-c5f6effbbced
sdis70.fr;modernisation.gouv.fr;Ministère de l'Intérieur;03-01-4cad3c9b-cc78-9c87-81e7-c5f6effbbced
hautenormandie.msa.fr;agriculture.gouv.fr;Ministère de l'Agriculture, de la Souveraineté alimentaire et de la Forêt;03-01-31cdbf93-5b3f-4575-14ce-bca46ed1455e
developpement-durable.gouv.fr;developpement-durable.gouv.fr;Ministère de la Transition écologique, de l’Energie, du Climat et de la Prévention des risques;03-01-b3e17a22-0867-bd19-510c-20baf9141361
cpf.edu.lb;diplomatie.gouv.fr;Ministère de l'Europe et des Affaires étrangères;03-01-ede4390f-232b-54d7-5eb4-8866a8134d67
univ-lyon2.fr;modernisation.gouv.fr;Ministère de l'Enseignement supérieur et de la Recherche;03-01-3f041b7e-3554-9081-c446-91c19641abb2
cnda.juradm.fr;modernisation.gouv.fr;Ministère de l'Intérieur;03-01-4cad3c9b-cc78-9c87-81e7-c5f6effbbced
ac-amiens.fr;modernisation.gouv.fr;Ministère de l’Education nationale;03-01-cebf4ea2-31b6-3c25-a040-29a9ae6dbf67
region-academique-mayotte.fr;modernisation.gouv.fr;Ministère de l’Education nationale;03-01-cebf4ea2-31b6-3c25-a040-29a9ae6dbf67
museepicassoparis.fr;culture.gouv.fr;Ministère de la Culture;03-01-e68ab7e2-3748-6d64-fbcd-244ff0685751
dcstep.gouv.fr;interieur.gouv.fr;Ministère de l'Intérieur;03-01-4cad3c9b-cc78-9c87-81e7-c5f6effbbced
anct.gouv.fr;developpement-durable.gouv.fr;Ministère de la Transition écologique, de l’Energie, du Climat et de la Prévention des risques;03-01-b3e17a22-0867-bd19-510c-20baf9141361
gic.gouv.fr;modernisation.gouv.fr;Premier ministre;03-01-54a55a87-eb32-6c2b-6bc7-451be72058e0
lpccaen.in2p3.fr;modernisation.gouv.fr;Migration DINUM;03-01-52e55072-47ec-665f-d787-1df57e98199b
alpesdunord.msa.fr;agriculture.gouv.fr;Ministère de l'Agriculture, de la Souveraineté alimentaire et de la Forêt;03-01-31cdbf93-5b3f-4575-14ce-bca46ed1455e
sdis47.fr;modernisation.gouv.fr;Ministère de l'Intérieur;03-01-4cad3c9b-cc78-9c87-81e7-c5f6effbbced
sorbonne-universite.fr;modernisation.gouv.fr;Ministère de l'Enseignement supérieur et de la Recherche;03-01-3f041b7e-3554-9081-c446-91c19641abb2
paris-lavillette.archi.fr;culture.gouv.fr;Ministère de la Culture;03-01-e68ab7e2-3748-6d64-fbcd-244ff0685751
vaucluse.gouv.fr;interieur.gouv.fr;Ministère de l'Intérieur;03-01-4cad3c9b-cc78-9c87-81e7-c5f6effbbced
univ-ubs.fr;modernisation.gouv.fr;Ministère de l'Enseignement supérieur et de la Recherche;03-01-3f041b7e-3554-9081-c446-91c19641abb2
auvergne-rhone-alpes.gouv.fr;interieur.gouv.fr;Ministère de l'Intérieur;03-01-4cad3c9b-cc78-9c87-81e7-c5f6effbbced
externes.justice.gouv.fr;justice.gouv.fr;Ministère de la justice;03-01-8ce24e3c-c739-1e77-0f59-5e0b4f106648
mongreta.fr;modernisation.gouv.fr;Ministère de l’Education nationale;03-01-cebf4ea2-31b6-3c25-a040-29a9ae6dbf67
ecologie.gouv.fr;developpement-durable.gouv.fr;Ministère de la Transition écologique, de l’Energie, du Climat et de la Prévention des risques;03-01-b3e17a22-0867-bd19-510c-20baf9141361
nantes.archi.fr;modernisation.gouv.fr;Ministère de la Culture;03-01-e68ab7e2-3748-6d64-fbcd-244ff0685751
epfprovencealpescotedazur.fr;developpement-durable.gouv.fr;Ministère de la Transition écologique, de l’Energie, du Climat et de la Prévention des risques;03-01-b3e17a22-0867-bd19-510c-20baf9141361
lne.fr;finances.gouv.fr;Ministères Economiques et Financiers;03-01-ff0d327b-5eab-b75e-994a-3f23f7375520
sdis92.fr;modernisation.gouv.fr;Ministère de l'Intérieur;03-01-4cad3c9b-cc78-9c87-81e7-c5f6effbbced
handicap.gouv.fr;modernisation.gouv.fr;Ministère de la Santé et de l’Accès aux soins;03-01-f8b950b9-058d-58c3-893e-76c5599078b4
equipement-agriculture.gouv.fr;interieur.gouv.fr;Ministère de l'Intérieur;03-01-4cad3c9b-cc78-9c87-81e7-c5f6effbbced
justice.fr;justice.gouv.fr;Ministère de la justice;03-01-8ce24e3c-c739-1e77-0f59-5e0b4f106648
cnes.fr;modernisation.gouv.fr;Ministère de l'Enseignement supérieur et de la Recherche;03-01-3f041b7e-3554-9081-c446-91c19641abb2
cnam.fr;modernisation.gouv.fr;Migration DINUM;03-01-52e55072-47ec-665f-d787-1df57e98199b
mercantour-parcnational.fr;developpement-durable.gouv.fr;Ministère de la Transition écologique, de l’Energie, du Climat et de la Prévention des risques;03-01-b3e17a22-0867-bd19-510c-20baf9141361
montpellier.archi.fr;culture.gouv.fr;Ministère de la Culture;03-01-e68ab7e2-3748-6d64-fbcd-244ff0685751
cstb.fr;developpement-durable.gouv.fr;Ministère de la Transition écologique, de l’Energie, du Climat et de la Prévention des risques;03-01-b3e17a22-0867-bd19-510c-20baf9141361
scn.rie.gouv.fr;modernisation.gouv.fr;Premier ministre;03-01-54a55a87-eb32-6c2b-6bc7-451be72058e0
ratp.fr;developpement-durable.gouv.fr;Ministère de la Transition écologique, de l’Energie, du Climat et de la Prévention des risques;03-01-b3e17a22-0867-bd19-510c-20baf9141361
sudaquitaine.msa.fr;agriculture.gouv.fr;Ministère de l'Agriculture, de la Souveraineté alimentaire et de la Forêt;03-01-31cdbf93-5b3f-4575-14ce-bca46ed1455e
ac-aix-marseille.fr;modernisation.gouv.fr;Ministère de l’Education nationale;03-01-cebf4ea2-31b6-3c25-a040-29a9ae6dbf67
crhea.cnrs.fr;modernisation.gouv.fr;Ministère de l'Enseignement supérieur et de la Recherche;03-01-3f041b7e-3554-9081-c446-91c19641abb2
clb.senat.fr;modernisation.gouv.fr;Migration DINUM;03-01-52e55072-47ec-665f-d787-1df57e98199b
ain-rhone.msa.fr;agriculture.gouv.fr;Ministère de l'Agriculture, de la Souveraineté alimentaire et de la Forêt;03-01-31cdbf93-5b3f-4575-14ce-bca46ed1455e
carsat-bretagne.fr;modernisation.gouv.fr;Migration DINUM;03-01-52e55072-47ec-665f-d787-1df57e98199b
onera.fr;modernisation.gouv.fr;Migration DINUM;03-01-52e55072-47ec-665f-d787-1df57e98199b
sdis72.fr;modernisation.gouv.fr;Ministère de l'Intérieur;03-01-4cad3c9b-cc78-9c87-81e7-c5f6effbbced
tc-paris.org;justice.gouv.fr;Ministère de la justice;03-01-8ce24e3c-c739-1e77-0f59-5e0b4f106648
mnhn.fr;culture.gouv.fr;Ministère de la Culture;03-01-e68ab7e2-3748-6d64-fbcd-244ff0685751
conservatoire-du-littoral.fr;developpement-durable.gouv.fr;Ministère de la Transition écologique, de l’Energie, du Climat et de la Prévention des risques;03-01-b3e17a22-0867-bd19-510c-20baf9141361
ensa-dijon.fr;culture.gouv.fr;Ministère de la Culture;03-01-e68ab7e2-3748-6d64-fbcd-244ff0685751
inetum.world;modernisation.gouv.fr;Migration DINUM;03-01-52e55072-47ec-665f-d787-1df57e98199b
unistra.fr;modernisation.gouv.fr;Ministère de l'Enseignement supérieur et de la Recherche;03-01-3f041b7e-3554-9081-c446-91c19641abb2
ariege.gouv.fr;interieur.gouv.fr;Ministère de l'Intérieur;03-01-4cad3c9b-cc78-9c87-81e7-c5f6effbbced
vosges.gouv.fr;interieur.gouv.fr;Ministère de l'Intérieur;03-01-4cad3c9b-cc78-9c87-81e7-c5f6effbbced
internet-mineurs.gouv.fr;interieur.gouv.fr;Ministère de l'Intérieur;03-01-4cad3c9b-cc78-9c87-81e7-c5f6effbbced
sdis03.fr;modernisation.gouv.fr;Ministère de l'Intérieur;03-01-4cad3c9b-cc78-9c87-81e7-c5f6effbbced
epora.fr;finances.gouv.fr;Ministères Economiques et Financiers;03-01-ff0d327b-5eab-b75e-994a-3f23f7375520
eleve.ira-lyon.gouv.fr;modernisation.gouv.fr;Ministère de la Fonction publique, de la Simplification et de la Transformation de l’action publique;03-01-7a771fe6-06e3-eba6-8dbd-d03c375c1afc
agence-regionale-sante.fr;modernisation.gouv.fr;Ministère de la Santé et de l’Accès aux soins;03-01-f8b950b9-058d-58c3-893e-76c5599078b4
sdis49.fr;modernisation.gouv.fr;Ministère de l'Intérieur;03-01-4cad3c9b-cc78-9c87-81e7-c5f6effbbced
sdis84.fr;modernisation.gouv.fr;Ministère de l'Intérieur;03-01-4cad3c9b-cc78-9c87-81e7-c5f6effbbced
region-academique-hauts-de-france.fr;modernisation.gouv.fr;Ministère de l’Education nationale;03-01-cebf4ea2-31b6-3c25-a040-29a9ae6dbf67
cicrp.fr;culture.gouv.fr;Ministère de la Culture;03-01-e68ab7e2-3748-6d64-fbcd-244ff0685751
eau-rhin-meuse.fr;developpement-durable.gouv.fr;Ministère de la Transition écologique, de l’Energie, du Climat et de la Prévention des risques;03-01-b3e17a22-0867-bd19-510c-20baf9141361
tarn-et-garonne.gouv.fr;interieur.gouv.fr;Ministère de l'Intérieur;03-01-4cad3c9b-cc78-9c87-81e7-c5f6effbbced
univ-poitiers.fr;modernisation.gouv.fr;Ministère de l'Enseignement supérieur et de la Recherche;03-01-3f041b7e-3554-9081-c446-91c19641abb2
ensta-paristech.fr;modernisation.gouv.fr;Ministère de l'Enseignement supérieur et de la Recherche;03-01-3f041b7e-3554-9081-c446-91c19641abb2
cdc-habitat.fr;modernisation.gouv.fr;Migration DINUM;03-01-52e55072-47ec-665f-d787-1df57e98199b
formulaires.ader.gouv.fr;modernisation.gouv.fr;Premier ministre;03-01-54a55a87-eb32-6c2b-6bc7-451be72058e0
sdis60.fr;modernisation.gouv.fr;Ministère de l'Intérieur;03-01-4cad3c9b-cc78-9c87-81e7-c5f6effbbced
univ-reunion.fr;modernisation.gouv.fr;Ministère de l'Enseignement supérieur et de la Recherche;03-01-3f041b7e-3554-9081-c446-91c19641abb2
bnu.fr;modernisation.gouv.fr;Ministère de l'Enseignement supérieur et de la Recherche;03-01-3f041b7e-3554-9081-c446-91c19641abb2
aisne.gouv.fr;interieur.gouv.fr;Ministère de l'Intérieur;03-01-4cad3c9b-cc78-9c87-81e7-c5f6effbbced
sdis15.fr;modernisation.gouv.fr;Ministère de l'Intérieur;03-01-4cad3c9b-cc78-9c87-81e7-c5f6effbbced
dgtresor.gouv.fr;finances.gouv.fr;Ministères Economiques et Financiers;03-01-ff0d327b-5eab-b75e-994a-3f23f7375520
ira-metz.gouv.fr;modernisation.gouv.fr;Ministère de la Fonction publique, de la Simplification et de la Transformation de l’action publique;03-01-7a771fe6-06e3-eba6-8dbd-d03c375c1afc
agencebio.org;agriculture.gouv.fr;Ministère de l'Agriculture, de la Souveraineté alimentaire et de la Forêt;03-01-31cdbf93-5b3f-4575-14ce-bca46ed1455e
gard.gouv.fr;interieur.gouv.fr;Ministère de l'Intérieur;03-01-4cad3c9b-cc78-9c87-81e7-c5f6effbbced
dgcl.gouv.fr;developpement-durable.gouv.fr;Ministère de la Transition écologique, de l’Energie, du Climat et de la Prévention des risques;03-01-b3e17a22-0867-bd19-510c-20baf9141361
diplo.gouv.fr;diplomatie.gouv.fr;Ministère de l'Europe et des Affaires étrangères;03-01-ede4390f-232b-54d7-5eb4-8866a8134d67
univ-nantes.fr;modernisation.gouv.fr;Ministère de l'Enseignement supérieur et de la Recherche;03-01-3f041b7e-3554-9081-c446-91c19641abb2
institutfrancais.jp;diplomatie.gouv.fr;Ministère de l'Europe et des Affaires étrangères;03-01-ede4390f-232b-54d7-5eb4-8866a8134d67
pix.fr;modernisation.gouv.fr;Ministère de la Fonction publique, de la Simplification et de la Transformation de l’action publique;03-01-7a771fe6-06e3-eba6-8dbd-d03c375c1afc
promo55.ira-metz.gouv.fr;modernisation.gouv.fr;Ministère de la Fonction publique, de la Simplification et de la Transformation de l’action publique;03-01-7a771fe6-06e3-eba6-8dbd-d03c375c1afc
ensp-arles.fr;culture.gouv.fr;Ministère de la Culture;03-01-e68ab7e2-3748-6d64-fbcd-244ff0685751
univ-tlse3.fr;modernisation.gouv.fr;Ministère de l'Enseignement supérieur et de la Recherche;03-01-3f041b7e-3554-9081-c446-91c19641abb2
agriculture.fr;agriculture.gouv.fr;Ministère de l'Agriculture, de la Souveraineté alimentaire et de la Forêt;03-01-31cdbf93-5b3f-4575-14ce-bca46ed1455e
hautconseildesbiotechnologies.fr;developpement-durable.gouv.fr;Ministère de la Transition écologique, de l’Energie, du Climat et de la Prévention des risques;03-01-b3e17a22-0867-bd19-510c-20baf9141361
justice.gouv.fr;justice.gouv.fr;Ministère de la justice;03-01-8ce24e3c-c739-1e77-0f59-5e0b4f106648
frenchculture.org;diplomatie.gouv.fr;Ministère de l'Europe et des Affaires étrangères;03-01-ede4390f-232b-54d7-5eb4-8866a8134d67
alpes-maritimes.gouv.fr;interieur.gouv.fr;Ministère de l'Intérieur;03-01-4cad3c9b-cc78-9c87-81e7-c5f6effbbced
cea.fr;modernisation.gouv.fr;Ministère de l'Enseignement supérieur et de la Recherche;03-01-3f041b7e-3554-9081-c446-91c19641abb2
theatre-odeon.fr;culture.gouv.fr;Ministère de la Culture;03-01-e68ab7e2-3748-6d64-fbcd-244ff0685751
europolhq.net;interieur.gouv.fr;Ministère de l'Intérieur;03-01-4cad3c9b-cc78-9c87-81e7-c5f6effbbced
sdis976.fr;modernisation.gouv.fr;Ministère de l'Intérieur;03-01-4cad3c9b-cc78-9c87-81e7-c5f6effbbced
stagiare.ira-nantes.gouv.fr;modernisation.gouv.fr;Ministère de la Fonction publique, de la Simplification et de la Transformation de l’action publique;03-01-7a771fe6-06e3-eba6-8dbd-d03c375c1afc
epaf.asso.fr;finances.gouv.fr;Migration DINUM;03-01-52e55072-47ec-665f-d787-1df57e98199b
sdis37.fr;modernisation.gouv.fr;Ministère de l'Intérieur;03-01-4cad3c9b-cc78-9c87-81e7-c5f6effbbced
diffusion.minefi.gouv.fr;finances.gouv.fr;Ministères Economiques et Financiers;03-01-ff0d327b-5eab-b75e-994a-3f23f7375520
univ-rennes1.fr;modernisation.gouv.fr;Ministère de l'Enseignement supérieur et de la Recherche;03-01-3f041b7e-3554-9081-c446-91c19641abb2
transports.gouv.fr;developpement-durable.gouv.fr;Ministère de la Transition écologique, de l’Energie, du Climat et de la Prévention des risques;03-01-b3e17a22-0867-bd19-510c-20baf9141361
conseil-etat.fr;modernisation.gouv.fr;Migration DINUM;03-01-52e55072-47ec-665f-d787-1df57e98199b
sdis27.fr;modernisation.gouv.fr;Ministère de l'Intérieur;03-01-4cad3c9b-cc78-9c87-81e7-c5f6effbbced
ira-nantes.gouv.fr;modernisation.gouv.fr;Ministère de la Fonction publique, de la Simplification et de la Transformation de l’action publique;03-01-7a771fe6-06e3-eba6-8dbd-d03c375c1afc
ac-clermont.fr;modernisation.gouv.fr;Ministère de l'Education nationale;03-01-cebf4ea2-31b6-3c25-a040-29a9ae6dbf67
ars.gouv.fr;modernisation.gouv.fr;Ministère de la Santé et de l’Accès aux soins;03-01-f8b950b9-058d-58c3-893e-76c5599078b4
ardennes.gouv.fr;interieur.gouv.fr;Ministère de l'Intérieur;03-01-4cad3c9b-cc78-9c87-81e7-c5f6effbbced
ambafrance-euc.fr;diplomatie.gouv.fr;Ministère de l'Europe et des Affaires étrangères;03-01-ede4390f-232b-54d7-5eb4-8866a8134d67
haute-corse.gouv.fr;interieur.gouv.fr;Ministère de l'Intérieur;03-01-4cad3c9b-cc78-9c87-81e7-c5f6effbbced
sdis62.fr;modernisation.gouv.fr;Ministère de l'Intérieur;03-01-4cad3c9b-cc78-9c87-81e7-c5f6effbbced
llr.in2p3.fr;modernisation.gouv.fr;Migration DINUM;03-01-52e55072-47ec-665f-d787-1df57e98199b
intranet-sdis11.fr;modernisation.gouv.fr;Ministère de l'Intérieur;03-01-4cad3c9b-cc78-9c87-81e7-c5f6effbbced
feddf.gouv.fr;modernisation.gouv.fr;Migration DINUM;03-01-52e55072-47ec-665f-d787-1df57e98199b
cbcm.social.gouv.fr;finances.gouv.fr;Ministères sociaux - Secrétariat général;03-01-d553fcef-bd13-1016-efb1-aed325d78f63
csa.fr;modernisation.gouv.fr;Migration DINUM;03-01-52e55072-47ec-665f-d787-1df57e98199b
ssi.gouv.fr;modernisation.gouv.fr;Premier ministre;03-01-54a55a87-eb32-6c2b-6bc7-451be72058e0
sorbonne-paris-nord.fr;modernisation.gouv.fr;Ministère de l'Enseignement supérieur et de la Recherche;03-01-3f041b7e-3554-9081-c446-91c19641abb2
mucem.org;culture.gouv.fr;Ministère de la Culture;03-01-e68ab7e2-3748-6d64-fbcd-244ff0685751
transparence-sante.gouv.fr;modernisation.gouv.fr;Ministère de la Santé et de l’Accès aux soins;03-01-f8b950b9-058d-58c3-893e-76c5599078b4
lrem.senat.fr;modernisation.gouv.fr;Migration DINUM;03-01-52e55072-47ec-665f-d787-1df57e98199b
unif.fr;modernisation.gouv.fr;Migration DINUM;03-01-52e55072-47ec-665f-d787-1df57e98199b
musee-rodin.fr;culture.gouv.fr;Ministère de la Culture;03-01-e68ab7e2-3748-6d64-fbcd-244ff0685751
ensba.fr;culture.gouv.fr;Ministère de la Culture;03-01-e68ab7e2-3748-6d64-fbcd-244ff0685751
inpi.fr;finances.gouv.fr;Ministères Economiques et Financiers;03-01-ff0d327b-5eab-b75e-994a-3f23f7375520
yvelines.gouv.fr;interieur.gouv.fr;Ministère de l'Intérieur;03-01-4cad3c9b-cc78-9c87-81e7-c5f6effbbced
creps-pdl.sports.gouv.fr;modernisation.gouv.fr;Ministère des Sports et des Jeux Olympiques et Paralympiques;03-01-06092d7c-9734-caf8-3826-81368066036d
anses.fr;agriculture.gouv.fr;Ministère de l'Agriculture, de la Souveraineté alimentaire et de la Forêt;03-01-31cdbf93-5b3f-4575-14ce-bca46ed1455e
creps-toulouse.sports.gouv.fr;modernisation.gouv.fr;Ministère des Sports et des Jeux Olympiques et Paralympiques;03-01-06092d7c-9734-caf8-3826-81368066036d
sdis39.fr;modernisation.gouv.fr;Ministère de l'Intérieur;03-01-4cad3c9b-cc78-9c87-81e7-c5f6effbbced
inao.gouv.fr;agriculture.gouv.fr;Ministère de l'Agriculture, de la Souveraineté alimentaire et de la Forêt;03-01-31cdbf93-5b3f-4575-14ce-bca46ed1455e
anr.fr;modernisation.gouv.fr;Ministère de l'Enseignement supérieur et de la Recherche;03-01-3f041b7e-3554-9081-c446-91c19641abb2
sdis94.fr;modernisation.gouv.fr;Ministère de l'Intérieur;03-01-4cad3c9b-cc78-9c87-81e7-c5f6effbbced
aube.gouv.fr;interieur.gouv.fr;Ministère de l'Intérieur;03-01-4cad3c9b-cc78-9c87-81e7-c5f6effbbced
crous-lyon.fr;modernisation.gouv.fr;Ministère de l'Enseignement supérieur et de la Recherche;03-01-3f041b7e-3554-9081-c446-91c19641abb2
loiret.gouv.fr;interieur.gouv.fr;Ministère de l'Intérieur;03-01-4cad3c9b-cc78-9c87-81e7-c5f6effbbced
sdis50.fr;modernisation.gouv.fr;Ministère de l'Intérieur;03-01-4cad3c9b-cc78-9c87-81e7-c5f6effbbced
alsace.msa.fr;agriculture.gouv.fr;Ministère de l'Agriculture, de la Souveraineté alimentaire et de la Forêt;03-01-31cdbf93-5b3f-4575-14ce-bca46ed1455e
caf.fr;modernisation.gouv.fr;Migration DINUM;03-01-52e55072-47ec-665f-d787-1df57e98199b
subatech.in2p3.fr;modernisation.gouv.fr;Migration DINUM;03-01-52e55072-47ec-665f-d787-1df57e98199b
externes.sg.social.gouv.fr;modernisation.gouv.fr;Ministères sociaux - Secrétariat général;03-01-d553fcef-bd13-1016-efb1-aed325d78f63
ac-nice.fr;modernisation.gouv.fr;Ministère de l’Education nationale;03-01-cebf4ea2-31b6-3c25-a040-29a9ae6dbf67
eaurmc.fr;developpement-durable.gouv.fr;Ministère de la Transition écologique, de l’Energie, du Climat et de la Prévention des risques;03-01-b3e17a22-0867-bd19-510c-20baf9141361
ens.fr;modernisation.gouv.fr;Ministère de l'Enseignement supérieur et de la Recherche;03-01-3f041b7e-3554-9081-c446-91c19641abb2
vendee.gouv.fr;interieur.gouv.fr;Ministère de l'Intérieur;03-01-4cad3c9b-cc78-9c87-81e7-c5f6effbbced
cgss972.msa.fr;modernisation.gouv.fr;Ministère de l'Agriculture, de la Souveraineté alimentaire et de la Forêt;03-01-31cdbf93-5b3f-4575-14ce-bca46ed1455e
def.gouv.fr;modernisation.gouv.fr;Ministère des Armées et des Anciens combattants;03-01-0c82b003-8c3a-c778-e962-ce32bb1a33e9
eleve.ira-lille.fr;modernisation.gouv.fr;Ministère de la Fonction publique, de la Simplification et de la Transformation de l’action publique;03-01-7a771fe6-06e3-eba6-8dbd-d03c375c1afc
ac-caen.fr;modernisation.gouv.fr;Ministère de l’Education nationale;03-01-cebf4ea2-31b6-3c25-a040-29a9ae6dbf67
memoiresante.gouv.fr;modernisation.gouv.fr;Ministère de la Santé et de l’Accès aux soins;03-01-f8b950b9-058d-58c3-893e-76c5599078b4
cafnantes.cnafmail.fr;modernisation.gouv.fr;Migration DINUM;03-01-52e55072-47ec-665f-d787-1df57e98199b
sdis05.fr;modernisation.gouv.fr;Ministère de l'Intérieur;03-01-4cad3c9b-cc78-9c87-81e7-c5f6effbbced
ifpen.fr;finances.gouv.fr;Ministères Economiques et Financiers;03-01-ff0d327b-5eab-b75e-994a-3f23f7375520
latmos.ipsl.fr;modernisation.gouv.fr;Ministère de l'Enseignement supérieur et de la Recherche;03-01-3f041b7e-3554-9081-c446-91c19641abb2
biodiversite.gouv.fr;developpement-durable.gouv.fr;Ministère de la Transition écologique, de l’Energie, du Climat et de la Prévention des risques;03-01-b3e17a22-0867-bd19-510c-20baf9141361
ipno.in2p3.fr;modernisation.gouv.fr;Migration DINUM;03-01-52e55072-47ec-665f-d787-1df57e98199b
dauphine.psl.eu;modernisation.gouv.fr;Ministère de l'Enseignement supérieur et de la Recherche;03-01-3f041b7e-3554-9081-c446-91c19641abb2
carsat-aquitaine.fr;modernisation.gouv.fr;Migration DINUM;03-01-52e55072-47ec-665f-d787-1df57e98199b
h3c.org;modernisation.gouv.fr;Migration DINUM;03-01-52e55072-47ec-665f-d787-1df57e98199b
eleve.ira-bastia.gouv.fr;modernisation.gouv.fr;Ministère de la Fonction publique, de la Simplification et de la Transformation de l’action publique;03-01-7a771fe6-06e3-eba6-8dbd-d03c375c1afc
region-academique-guadeloupe.fr;modernisation.gouv.fr;Ministère de l’Education nationale;03-01-cebf4ea2-31b6-3c25-a040-29a9ae6dbf67
conseil-concurrence.fr;finances.gouv.fr;Ministères Economiques et Financiers;03-01-ff0d327b-5eab-b75e-994a-3f23f7375520
occitanie.gouv.fr;interieur.gouv.fr;Ministère de l'Intérieur;03-01-4cad3c9b-cc78-9c87-81e7-c5f6effbbced
contribution.gouv.fr;modernisation.gouv.fr;Migration DINUM;03-01-52e55072-47ec-665f-d787-1df57e98199b
pm.ader.gouv.fr;modernisation.gouv.fr;Premier ministre;03-01-54a55a87-eb32-6c2b-6bc7-451be72058e0
ensa-limoges.fr;culture.gouv.fr;Ministère de la Culture;03-01-e68ab7e2-3748-6d64-fbcd-244ff0685751
iminidco.gouv.fr;interieur.gouv.fr;Ministère de l'Intérieur;03-01-4cad3c9b-cc78-9c87-81e7-c5f6effbbced
mayotte.pref.gouv.fr;interieur.gouv.fr;Ministère de l'Intérieur;03-01-4cad3c9b-cc78-9c87-81e7-c5f6effbbced
uha.fr;modernisation.gouv.fr;Migration DINUM;03-01-52e55072-47ec-665f-d787-1df57e98199b
sdis52.fr;modernisation.gouv.fr;Ministère de l'Intérieur;03-01-4cad3c9b-cc78-9c87-81e7-c5f6effbbced
carsat-sudest.fr;modernisation.gouv.fr;Migration DINUM;03-01-52e55072-47ec-665f-d787-1df57e98199b
tourisme.gouv.fr;developpement-durable.gouv.fr;Ministère de la Transition écologique, de l’Energie, du Climat et de la Prévention des risques;03-01-b3e17a22-0867-bd19-510c-20baf9141361
dlg.msa.fr;agriculture.gouv.fr;Ministère de l'Agriculture, de la Souveraineté alimentaire et de la Forêt;03-01-31cdbf93-5b3f-4575-14ce-bca46ed1455e
provence-azur.msa.fr;agriculture.gouv.fr;Ministère de l'Agriculture, de la Souveraineté alimentaire et de la Forêt;03-01-31cdbf93-5b3f-4575-14ce-bca46ed1455e
hautconseilclimat.fr;modernisation.gouv.fr;Ministère de la Transition écologique, de l’Energie, du Climat et de la Prévention des risques;03-01-b3e17a22-0867-bd19-510c-20baf9141361
lapp.in2p3.fr;modernisation.gouv.fr;Migration DINUM;03-01-52e55072-47ec-665f-d787-1df57e98199b
creps-lorraine.sports.gouv.fr;modernisation.gouv.fr;Ministère des Sports et des Jeux Olympiques et Paralympiques;03-01-06092d7c-9734-caf8-3826-81368066036d
ac-nantes.fr;modernisation.gouv.fr;Ministère de l’Education nationale;03-01-cebf4ea2-31b6-3c25-a040-29a9ae6dbf67
travail.gouv.fr;modernisation.gouv.fr;Ministère du Travail et de l’Emploi;03-01-213197c8-e7f8-1efc-037a-84157f5e4401
sdis17.fr;modernisation.gouv.fr;Ministère de l'Intérieur;03-01-4cad3c9b-cc78-9c87-81e7-c5f6effbbced
spm975.gouv.fr;interieur.gouv.fr;Ministère de l'Intérieur;03-01-4cad3c9b-cc78-9c87-81e7-c5f6effbbced
univ-paris1.fr;modernisation.gouv.fr;Ministère de l'Enseignement supérieur et de la Recherche;03-01-3f041b7e-3554-9081-c446-91c19641abb2
ac-strasbourg.fr;modernisation.gouv.fr;Ministère de l’Education nationale;03-01-cebf4ea2-31b6-3c25-a040-29a9ae6dbf67
inhesj.fr;modernisation.gouv.fr;Migration DINUM;03-01-52e55072-47ec-665f-d787-1df57e98199b
poitou.msa.fr;agriculture.gouv.fr;Ministère de l'Agriculture, de la Souveraineté alimentaire et de la Forêt;03-01-31cdbf93-5b3f-4575-14ce-bca46ed1455e
univ-amu.fr;modernisation.gouv.fr;Ministère de l'Enseignement supérieur et de la Recherche;03-01-3f041b7e-3554-9081-c446-91c19641abb2
rouen.archi.fr;culture.gouv.fr;Ministère de la Culture;03-01-e68ab7e2-3748-6d64-fbcd-244ff0685751
univ-evry.fr;modernisation.gouv.fr;Ministère de l'Enseignement supérieur et de la Recherche;03-01-3f041b7e-3554-9081-c446-91c19641abb2
agroparistech.fr;agriculture.gouv.fr;Ministère de l'Agriculture, de la Souveraineté alimentaire et de la Forêt;03-01-31cdbf93-5b3f-4575-14ce-bca46ed1455e
comedie-francaise.org;culture.gouv.fr;Ministère de la Culture;03-01-e68ab7e2-3748-6d64-fbcd-244ff0685751
agriculture-equipement.gouv.fr;developpement-durable.gouv.fr;Ministère de la Transition écologique, de l’Energie, du Climat et de la Prévention des risques;03-01-b3e17a22-0867-bd19-510c-20baf9141361
assemblee-afe.fr;diplomatie.gouv.fr;Ministère de l'Europe et des Affaires étrangères;03-01-ede4390f-232b-54d7-5eb4-8866a8134d67
aviation-civile.gouv.fr;developpement-durable.gouv.fr;Ministère de la Transition écologique, de l’Energie, du Climat et de la Prévention des risques;03-01-b3e17a22-0867-bd19-510c-20baf9141361
univ-lille.fr;modernisation.gouv.fr;Ministère de l'Enseignement supérieur et de la Recherche;03-01-3f041b7e-3554-9081-c446-91c19641abb2
ille-et-vilaine.pref.gouv.fr;interieur.gouv.fr;Ministère de l'Intérieur;03-01-4cad3c9b-cc78-9c87-81e7-c5f6effbbced
haute-saone.gouv.fr;interieur.gouv.fr;Ministère de l'Intérieur;03-01-4cad3c9b-cc78-9c87-81e7-c5f6effbbced
anah.gouv.fr;developpement-durable.gouv.fr;Ministère de la Transition écologique, de l’Energie, du Climat et de la Prévention des risques;03-01-b3e17a22-0867-bd19-510c-20baf9141361
arb-na.fr;developpement-durable.gouv.fr;Ministère de la Transition écologique, de l’Energie, du Climat et de la Prévention des risques;03-01-b3e17a22-0867-bd19-510c-20baf9141361
crenau.archi.fr;modernisation.gouv.fr;Ministère de la Culture;03-01-e68ab7e2-3748-6d64-fbcd-244ff0685751
notification.service-public.fr;modernisation.gouv.fr;Premier ministre;03-01-54a55a87-eb32-6c2b-6bc7-451be72058e0
ena.fr;modernisation.gouv.fr;Ministère de la Fonction publique, de la Simplification et de la Transformation de l’action publique;03-01-7a771fe6-06e3-eba6-8dbd-d03c375c1afc
ofii.fr;interieur.gouv.fr;Ministère de l'Intérieur;03-01-4cad3c9b-cc78-9c87-81e7-c5f6effbbced
ibcp.fr;modernisation.gouv.fr;Migration DINUM;03-01-52e55072-47ec-665f-d787-1df57e98199b
ac-besancon.fr;modernisation.gouv.fr;Ministère de l’Education nationale;03-01-cebf4ea2-31b6-3c25-a040-29a9ae6dbf67
omega.in2p3.fr;modernisation.gouv.fr;Migration DINUM;03-01-52e55072-47ec-665f-d787-1df57e98199b
agence-erasmus.fr;modernisation.gouv.fr;Ministère de l'Enseignement supérieur et de la Recherche;03-01-3f041b7e-3554-9081-c446-91c19641abb2
marnelavallee.archi.fr;culture.gouv.fr;Ministère de la Culture;03-01-e68ab7e2-3748-6d64-fbcd-244ff0685751
sdis29.fr;modernisation.gouv.fr;Ministère de l'Intérieur;03-01-4cad3c9b-cc78-9c87-81e7-c5f6effbbced
afpa.fr;modernisation.gouv.fr;Ministère du Travail et de l’Emploi;03-01-213197c8-e7f8-1efc-037a-84157f5e4401
musee-henner.fr;culture.gouv.fr;Ministère de la Culture;03-01-e68ab7e2-3748-6d64-fbcd-244ff0685751
apie.gouv.fr;finances.gouv.fr;Ministères Economiques et Financiers;03-01-ff0d327b-5eab-b75e-994a-3f23f7375520
maine-et-loire.gouv.fr;interieur.gouv.fr;Ministère de l'Intérieur;03-01-4cad3c9b-cc78-9c87-81e7-c5f6effbbced
agrocampus-ouest.fr;agriculture.gouv.fr;Ministère de l'Agriculture, de la Souveraineté alimentaire et de la Forêt;03-01-31cdbf93-5b3f-4575-14ce-bca46ed1455e
exploitannuaire.ader.gouv.fr;modernisation.gouv.fr;Premier ministre;03-01-54a55a87-eb32-6c2b-6bc7-451be72058e0
iut-tarbes.fr;modernisation.gouv.fr;Ministère de l'Enseignement supérieur et de la Recherche;03-01-3f041b7e-3554-9081-c446-91c19641abb2
musee-orangerie.fr;culture.gouv.fr;Ministère de la Culture;03-01-e68ab7e2-3748-6d64-fbcd-244ff0685751
ehesp.fr;modernisation.gouv.fr;Migration DINUM;03-01-52e55072-47ec-665f-d787-1df57e98199b
sdis74.fr;modernisation.gouv.fr;Ministère de l'Intérieur;03-01-4cad3c9b-cc78-9c87-81e7-c5f6effbbced
cgss-martinique.fr;modernisation.gouv.fr;Migration DINUM;03-01-52e55072-47ec-665f-d787-1df57e98199b
unilim.fr;modernisation.gouv.fr;Ministère de l'Enseignement supérieur et de la Recherche;03-01-3f041b7e-3554-9081-c446-91c19641abb2
univ-brest.fr;modernisation.gouv.fr;Ministère de l'Enseignement supérieur et de la Recherche;03-01-3f041b7e-3554-9081-c446-91c19641abb2
eelv.senat.fr;modernisation.gouv.fr;Migration DINUM;03-01-52e55072-47ec-665f-d787-1df57e98199b
univ-pau.fr;modernisation.gouv.fr;Ministère de l'Enseignement supérieur et de la Recherche;03-01-3f041b7e-3554-9081-c446-91c19641abb2
admin.in2p3.fr;modernisation.gouv.fr;Migration DINUM;03-01-52e55072-47ec-665f-d787-1df57e98199b
afd.fr;finances.gouv.fr;Ministères Economiques et Financiers;03-01-ff0d327b-5eab-b75e-994a-3f23f7375520
haute-vienne.gouv.fr;interieur.gouv.fr;Ministère de l'Intérieur;03-01-4cad3c9b-cc78-9c87-81e7-c5f6effbbced
stagiaire.ira-lyon.gouv.fr;modernisation.gouv.fr;Ministère de la Fonction publique, de la Simplification et de la Transformation de l’action publique;03-01-7a771fe6-06e3-eba6-8dbd-d03c375c1afc
villa-arson.org;culture.gouv.fr;Ministère de la Culture;03-01-e68ab7e2-3748-6d64-fbcd-244ff0685751
u-paris2.fr;modernisation.gouv.fr;Ministère de l'Enseignement supérieur et de la Recherche;03-01-3f041b7e-3554-9081-c446-91c19641abb2
mines-albi.fr;finances.gouv.fr;Ministères Economiques et Financiers;03-01-ff0d327b-5eab-b75e-994a-3f23f7375520
univ-antilles.fr;modernisation.gouv.fr;Ministère de l'Enseignement supérieur et de la Recherche;03-01-3f041b7e-3554-9081-c446-91c19641abb2
clermont.in2p3.fr;modernisation.gouv.fr;Ministère de l'Enseignement supérieur et de la Recherche;03-01-3f041b7e-3554-9081-c446-91c19641abb2
ira-lille.fr;modernisation.gouv.fr;Ministère de la Fonction publique, de la Simplification et de la Transformation de l’action publique;03-01-7a771fe6-06e3-eba6-8dbd-d03c375c1afc
bretagne.chambagri.fr;agriculture.gouv.fr;Ministère de l'Agriculture, de la Souveraineté alimentaire et de la Forêt;03-01-31cdbf93-5b3f-4575-14ce-bca46ed1455e
sdis40.fr;modernisation.gouv.fr;Ministère de l'Intérieur;03-01-4cad3c9b-cc78-9c87-81e7-c5f6effbbced
sarthe.gouv.fr;interieur.gouv.fr;Ministère de l'Intérieur;03-01-4cad3c9b-cc78-9c87-81e7-c5f6effbbced
dir-cnrs.fr;modernisation.gouv.fr;Ministère de l'Enseignement supérieur et de la Recherche;03-01-3f041b7e-3554-9081-c446-91c19641abb2
ville-jeunesse-sports.gouv.fr;modernisation.gouv.fr;Ministère des Sports et des Jeux Olympiques et Paralympiques;03-01-06092d7c-9734-caf8-3826-81368066036d
apca.chambagri.fr;agriculture.gouv.fr;Ministère de l'Agriculture, de la Souveraineté alimentaire et de la Forêt;03-01-31cdbf93-5b3f-4575-14ce-bca46ed1455e
ira-lille.gouv.fr;modernisation.gouv.fr;Ministère de la Fonction publique, de la Simplification et de la Transformation de l’action publique;03-01-7a771fe6-06e3-eba6-8dbd-d03c375c1afc
crous-reunionmayotte.fr;modernisation.gouv.fr;Ministère de l'Enseignement supérieur et de la Recherche;03-01-3f041b7e-3554-9081-c446-91c19641abb2
cnrs-dir.fr;modernisation.gouv.fr;Ministère de l'Enseignement supérieur et de la Recherche;03-01-3f041b7e-3554-9081-c446-91c19641abb2
sgdsn.gouv.fr;modernisation.gouv.fr;Premier ministre;03-01-54a55a87-eb32-6c2b-6bc7-451be72058e0
musee-orsay.fr;culture.gouv.fr;Ministère de la Culture;03-01-e68ab7e2-3748-6d64-fbcd-244ff0685751
attachefiscal.org;finances.gouv.fr;Migration DINUM;03-01-52e55072-47ec-665f-d787-1df57e98199b
imt-mines-albi.fr;finances.gouv.fr;Ministère de l'Enseignement supérieur et de la Recherche;03-01-3f041b7e-3554-9081-c446-91c19641abb2
cote-dor.gouv.fr;interieur.gouv.fr;Ministère de l'Intérieur;03-01-4cad3c9b-cc78-9c87-81e7-c5f6effbbced
hautes-alpes.gouv.fr;interieur.gouv.fr;Ministère de l'Intérieur;03-01-4cad3c9b-cc78-9c87-81e7-c5f6effbbced
ain.chambagri.fr;agriculture.gouv.fr;Ministère de l'Agriculture, de la Souveraineté alimentaire et de la Forêt;03-01-31cdbf93-5b3f-4575-14ce-bca46ed1455e
ut-capitole.fr;modernisation.gouv.fr;Ministère de l'Enseignement supérieur et de la Recherche;03-01-3f041b7e-3554-9081-c446-91c19641abb2
djscs.gouv.fr;modernisation.gouv.fr;Ministère des Sports et des Jeux Olympiques et Paralympiques;03-01-06092d7c-9734-caf8-3826-81368066036d
ape.gouv.fr;finances.gouv.fr;Ministères Economiques et Financiers;03-01-ff0d327b-5eab-b75e-994a-3f23f7375520
ac-dijon.fr;modernisation.gouv.fr;Ministère de l’Education nationale;03-01-cebf4ea2-31b6-3c25-a040-29a9ae6dbf67
jeunesse-solidarites-actives.gouv.fr;modernisation.gouv.fr;Ministère du Travail et de l’Emploi;03-01-213197c8-e7f8-1efc-037a-84157f5e4401
economie-solidaire.gouv.fr;modernisation.gouv.fr;Migration DINUM;03-01-52e55072-47ec-665f-d787-1df57e98199b
carsat-pl.fr;modernisation.gouv.fr;Migration DINUM;03-01-52e55072-47ec-665f-d787-1df57e98199b
centralesupelec.fr;modernisation.gouv.fr;Ministère de l'Enseignement supérieur et de la Recherche;03-01-3f041b7e-3554-9081-c446-91c19641abb2
alpesvaucluse.msa.fr;agriculture.gouv.fr;Ministère de l'Agriculture, de la Souveraineté alimentaire et de la Forêt;03-01-31cdbf93-5b3f-4575-14ce-bca46ed1455e
dgccrf.finances.gouv.fr;dgccrf.finances.gouv.fr;Ministères Economiques et Financiers;03-01-ff0d327b-5eab-b75e-994a-3f23f7375520
clb-an.fr;modernisation.gouv.fr;Migration DINUM;03-01-52e55072-47ec-665f-d787-1df57e98199b
epide.fr;modernisation.gouv.fr;Ministère des Armées et des Anciens combattants;03-01-0c82b003-8c3a-c778-e962-ce32bb1a33e9
droits-femmes.gouv.fr;modernisation.gouv.fr;Migration DINUM;03-01-52e55072-47ec-665f-d787-1df57e98199b
nouvelle-caledonie.gouv.fr;interieur.gouv.fr;Ministère de l'Intérieur;03-01-4cad3c9b-cc78-9c87-81e7-c5f6effbbced
sdis76.fr;modernisation.gouv.fr;Ministère de l'Intérieur;03-01-4cad3c9b-cc78-9c87-81e7-c5f6effbbced
sdis974.re;modernisation.gouv.fr;Ministère de l'Intérieur;03-01-4cad3c9b-cc78-9c87-81e7-c5f6effbbced
sdis07.fr;modernisation.gouv.fr;Ministère de l'Intérieur;03-01-4cad3c9b-cc78-9c87-81e7-c5f6effbbced
mam.msa.fr;agriculture.gouv.fr;Ministère de l'Agriculture, de la Souveraineté alimentaire et de la Forêt;03-01-31cdbf93-5b3f-4575-14ce-bca46ed1455e
ganil.fr;modernisation.gouv.fr;Migration DINUM;03-01-52e55072-47ec-665f-d787-1df57e98199b
region-academique-nouvelle-aquitaine.fr;modernisation.gouv.fr;Ministère de l’Education nationale;03-01-cebf4ea2-31b6-3c25-a040-29a9ae6dbf67
ipsl.fr;modernisation.gouv.fr;Ministère de l'Enseignement supérieur et de la Recherche;03-01-3f041b7e-3554-9081-c446-91c19641abb2
haute-savoie.gouv.fr;interieur.gouv.fr;Ministère de l'Intérieur;03-01-4cad3c9b-cc78-9c87-81e7-c5f6effbbced
loire.gouv.fr;interieur.gouv.fr;Ministère de l'Intérieur;03-01-4cad3c9b-cc78-9c87-81e7-c5f6effbbced
polytechnique.edu;modernisation.gouv.fr;Ministère de l'Enseignement supérieur et de la Recherche;03-01-3f041b7e-3554-9081-c446-91c19641abb2
externe.epide.fr;modernisation.gouv.fr;Ministère des Armées et des Anciens combattants;03-01-0c82b003-8c3a-c778-e962-ce32bb1a33e9
sciencespo-toulouse.fr;modernisation.gouv.fr;Ministère de l'Enseignement supérieur et de la Recherche;03-01-3f041b7e-3554-9081-c446-91c19641abb2
universcience.fr;modernisation.gouv.fr;Ministère de l'Enseignement supérieur et de la Recherche;03-01-3f041b7e-3554-9081-c446-91c19641abb2
sdis42.fr;modernisation.gouv.fr;Ministère de l'Intérieur;03-01-4cad3c9b-cc78-9c87-81e7-c5f6effbbced
crtc.ccomptes.fr;modernisation.gouv.fr;Cour des Comptes;03-01-a3bfeb37-1070-7495-522a-2384578d60f7
senat.fr;modernisation.gouv.fr;Migration DINUM;03-01-52e55072-47ec-665f-d787-1df57e98199b
lecese.fr;modernisation.gouv.fr;Migration DINUM;03-01-52e55072-47ec-665f-d787-1df57e98199b
ihedn.fr;modernisation.gouv.fr;Ministère des Armées et des Anciens combattants;03-01-0c82b003-8c3a-c778-e962-ce32bb1a33e9
esante.si-samu.fr;modernisation.gouv.fr;Ministère de la Santé et de l’Accès aux soins;03-01-f8b950b9-058d-58c3-893e-76c5599078b4
acnusa.fr;developpement-durable.gouv.fr;Ministère de la Transition écologique, de l’Energie, du Climat et de la Prévention des risques;03-01-b3e17a22-0867-bd19-510c-20baf9141361
cirad.fr;modernisation.gouv.fr;Ministère de l'Enseignement supérieur et de la Recherche;03-01-3f041b7e-3554-9081-c446-91c19641abb2
cab-ville.gouv.fr;modernisation.gouv.fr;Ministère de la Transition écologique, de l’Energie, du Climat et de la Prévention des risques;03-01-b3e17a22-0867-bd19-510c-20baf9141361
pays-de-la-loire.gouv.fr;interieur.gouv.fr;Ministère de l'Intérieur;03-01-4cad3c9b-cc78-9c87-81e7-c5f6effbbced
aude.chambagri.fr;agriculture.gouv.fr;Ministère de l'Agriculture, de la Souveraineté alimentaire et de la Forêt;03-01-31cdbf93-5b3f-4575-14ce-bca46ed1455e
jura.gouv.fr;interieur.gouv.fr;Ministère de l'Intérieur;03-01-4cad3c9b-cc78-9c87-81e7-c5f6effbbced
crous-nantes.fr;modernisation.gouv.fr;Ministère de l'Enseignement supérieur et de la Recherche;03-01-3f041b7e-3554-9081-c446-91c19641abb2
martinique.pref.gouv.fr;interieur.gouv.fr;Ministère de l'Intérieur;03-01-4cad3c9b-cc78-9c87-81e7-c5f6effbbced
femis.fr;culture.gouv.fr;Ministère de la Culture;03-01-e68ab7e2-3748-6d64-fbcd-244ff0685751
decentralisation.gouv.fr;interieur.gouv.fr;Ministère de l'Intérieur;03-01-4cad3c9b-cc78-9c87-81e7-c5f6effbbced
beta.gouv.fr;modernisation.gouv.fr;Ministère de la Fonction publique, de la Simplification et de la Transformation de l’action publique;03-01-7a771fe6-06e3-eba6-8dbd-d03c375c1afc
centrale-marseille.fr;modernisation.gouv.fr;Ministère de l'Enseignement supérieur et de la Recherche;03-01-3f041b7e-3554-9081-c446-91c19641abb2
lot.gouv.fr;interieur.gouv.fr;Ministère de l'Intérieur;03-01-4cad3c9b-cc78-9c87-81e7-c5f6effbbced
francetravail.fr;modernisation.gouv.fr;France Travail;03-01-7dd6d324-8a40-56e3-76fb-32b2aab701d1
sdis64.fr;modernisation.gouv.fr;Ministère de l'Intérieur;03-01-4cad3c9b-cc78-9c87-81e7-c5f6effbbced
region-academique-paca.fr;modernisation.gouv.fr;Ministère de l’Education nationale;03-01-cebf4ea2-31b6-3c25-a040-29a9ae6dbf67
travail-sante.gouv.fr;modernisation.gouv.fr;Ministère du Travail et de l’Emploi;03-01-213197c8-e7f8-1efc-037a-84157f5e4401
inha.fr;culture.gouv.fr;Ministère de la Culture;03-01-e68ab7e2-3748-6d64-fbcd-244ff0685751
enseignementsup.gouv.fr;modernisation.gouv.fr;Ministère de l'Enseignement supérieur et de la Recherche;03-01-3f041b7e-3554-9081-c446-91c19641abb2
prestataires.agriculture.gouv.fr;agriculture.gouv.fr;Ministère de l'Agriculture, de la Souveraineté alimentaire et de la Forêt;03-01-31cdbf93-5b3f-4575-14ce-bca46ed1455e
sdis19.fr;modernisation.gouv.fr;Ministère de l'Intérieur;03-01-4cad3c9b-cc78-9c87-81e7-c5f6effbbced
consulfrance-jerusalem.org;diplomatie.gouv.fr;Ministère de l'Europe et des Affaires étrangères;03-01-ede4390f-232b-54d7-5eb4-8866a8134d67
territoire-de-belfort.gouv.fr;interieur.gouv.fr;Ministère de l'Intérieur;03-01-4cad3c9b-cc78-9c87-81e7-c5f6effbbced
rmngp.fr;culture.gouv.fr;Ministère de la Culture;03-01-e68ab7e2-3748-6d64-fbcd-244ff0685751
service-eco.fr;finances.gouv.fr;Ministères Economiques et Financiers;03-01-ff0d327b-5eab-b75e-994a-3f23f7375520
access42.net;modernisation.gouv.fr;Migration DINUM;03-01-52e55072-47ec-665f-d787-1df57e98199b
amue.fr;modernisation.gouv.fr;Ministère de l'Enseignement supérieur et de la Recherche;03-01-3f041b7e-3554-9081-c446-91c19641abb2
acoss.fr;modernisation.gouv.fr;Migration DINUM;03-01-52e55072-47ec-665f-d787-1df57e98199b
sdis30.fr;modernisation.gouv.fr;Ministère de l'Intérieur;03-01-4cad3c9b-cc78-9c87-81e7-c5f6effbbced
supagro.fr;agriculture.gouv.fr;Ministère de l'Agriculture, de la Souveraineté alimentaire et de la Forêt;03-01-31cdbf93-5b3f-4575-14ce-bca46ed1455e
cnm.fr;culture.gouv.fr;Ministère de la Culture;03-01-e68ab7e2-3748-6d64-fbcd-244ff0685751
cnaf.fr;modernisation.gouv.fr;Migration DINUM;03-01-52e55072-47ec-665f-d787-1df57e98199b
odeadom.fr;agriculture.gouv.fr;Ministère de l'Agriculture, de la Souveraineté alimentaire et de la Forêt;03-01-31cdbf93-5b3f-4575-14ce-bca46ed1455e
ac-guadeloupe.fr;modernisation.gouv.fr;Ministère de l’Education nationale;03-01-cebf4ea2-31b6-3c25-a040-29a9ae6dbf67
hautes-pyrenees.gouv.fr;interieur.gouv.fr;Ministère de l'Intérieur;03-01-4cad3c9b-cc78-9c87-81e7-c5f6effbbced
oise.gouv.fr;interieur.gouv.fr;Ministère de l'Intérieur;03-01-4cad3c9b-cc78-9c87-81e7-c5f6effbbced
reforme-territoriale.gouv.fr;finances.gouv.fr;Migration DINUM;03-01-52e55072-47ec-665f-d787-1df57e98199b
ci.handicap.gouv.fr;modernisation.gouv.fr;Ministère de la Santé et de l’Accès aux soins;03-01-f8b950b9-058d-58c3-893e-76c5599078b4
univ-grenoble-alpes.fr;modernisation.gouv.fr;Ministère de l'Enseignement supérieur et de la Recherche;03-01-3f041b7e-3554-9081-c446-91c19641abb2
ecole-navale.fr;modernisation.gouv.fr;Ministère des Armées et des Anciens combattants;03-01-0c82b003-8c3a-c778-e962-ce32bb1a33e9
creps-paca.sports.gouv.fr;modernisation.gouv.fr;Ministère des Sports et des Jeux Olympiques et Paralympiques;03-01-06092d7c-9734-caf8-3826-81368066036d
ain.gouv.fr;interieur.gouv.fr;Ministère de l'Intérieur;03-01-4cad3c9b-cc78-9c87-81e7-c5f6effbbced
nord.gouv.fr;interieur.gouv.fr;Ministère de l'Intérieur;03-01-4cad3c9b-cc78-9c87-81e7-c5f6effbbced
ac-paris.fr;modernisation.gouv.fr;Ministère de l’Education nationale;03-01-cebf4ea2-31b6-3c25-a040-29a9ae6dbf67
cher.gouv.fr;interieur.gouv.fr;Ministère de l'Intérieur;03-01-4cad3c9b-cc78-9c87-81e7-c5f6effbbced
stagiaire.ira-nantes.fr;modernisation.gouv.fr;Ministère de la Fonction publique, de la Simplification et de la Transformation de l’action publique;03-01-7a771fe6-06e3-eba6-8dbd-d03c375c1afc
sdis08.com;modernisation.gouv.fr;Ministère de l'Intérieur;03-01-4cad3c9b-cc78-9c87-81e7-c5f6effbbced
mail.numerique.gouv.fr;modernisation.gouv.fr;Ministère de la Fonction publique, de la Simplification et de la Transformation de l’action publique;03-01-7a771fe6-06e3-eba6-8dbd-d03c375c1afc
fete-gastronomie.fr;finances.gouv.fr;Migration DINUM;03-01-52e55072-47ec-665f-d787-1df57e98199b
ofb.gouv.fr;developpement-durable.gouv.fr;Ministère de la Transition écologique, de l’Energie, du Climat et de la Prévention des risques;03-01-b3e17a22-0867-bd19-510c-20baf9141361
social-sante.gouv.fr;modernisation.gouv.fr;Ministère du Travail et de l’Emploi;03-01-213197c8-e7f8-1efc-037a-84157f5e4401
parisnanterre.fr;modernisation.gouv.fr;Ministère de l'Enseignement supérieur et de la Recherche;03-01-3f041b7e-3554-9081-c446-91c19641abb2
ccmsa.msa.fr;agriculture.gouv.fr;Ministère de l'Agriculture, de la Souveraineté alimentaire et de la Forêt;03-01-31cdbf93-5b3f-4575-14ce-bca46ed1455e
action-publique.gouv.fr;finances.gouv.fr;Ministère de la Fonction publique, de la Simplification et de la Transformation de l’action publique;03-01-7a771fe6-06e3-eba6-8dbd-d03c375c1afc
sorbonne-nouvelle.fr;modernisation.gouv.fr;Ministère de l'Enseignement supérieur et de la Recherche;03-01-3f041b7e-3554-9081-c446-91c19641abb2
scl.finances.fr;finances.gouv.fr;Ministères Economiques et Financiers;03-01-ff0d327b-5eab-b75e-994a-3f23f7375520
cantal.gouv.fr;interieur.gouv.fr;Ministère de l'Intérieur;03-01-4cad3c9b-cc78-9c87-81e7-c5f6effbbced
conseil-constitutionnel.fr;modernisation.gouv.fr;Migration DINUM;03-01-52e55072-47ec-665f-d787-1df57e98199b
frenchmobility.fr;developpement-durable.gouv.fr;Ministère de la Transition écologique, de l’Energie, du Climat et de la Prévention des risques;03-01-b3e17a22-0867-bd19-510c-20baf9141361
institutfrancais-malabo.org;diplomatie.gouv.fr;Ministère de l'Europe et des Affaires étrangères;03-01-ede4390f-232b-54d7-5eb4-8866a8134d67
morbihan.gouv.fr;interieur.gouv.fr;Ministère de l'Intérieur;03-01-4cad3c9b-cc78-9c87-81e7-c5f6effbbced
sante-jeunesse-sports.gouv.fr;modernisation.gouv.fr;Ministère des Sports et des Jeux Olympiques et Paralympiques;03-01-06092d7c-9734-caf8-3826-81368066036d
sdis20.fr;modernisation.gouv.fr;Ministère de l'Intérieur;03-01-4cad3c9b-cc78-9c87-81e7-c5f6effbbced
igesr.gouv.fr;modernisation.gouv.fr;Ministère de l'Enseignement supérieur et de la Recherche;03-01-3f041b7e-3554-9081-c446-91c19641abb2
cc.in2p3.fr;modernisation.gouv.fr;Ministère de l'Enseignement supérieur et de la Recherche;03-01-3f041b7e-3554-9081-c446-91c19641abb2
societedugrandparis.fr;developpement-durable.gouv.fr;Ministère de la Transition écologique, de l’Energie, du Climat et de la Prévention des risques;03-01-b3e17a22-0867-bd19-510c-20baf9141361
hcfp.fr;modernisation.gouv.fr;Migration DINUM;03-01-52e55072-47ec-665f-d787-1df57e98199b
cnr-elysee.fr;modernisation.gouv.fr;Migration DINUM;03-01-52e55072-47ec-665f-d787-1df57e98199b
sdis78.fr;modernisation.gouv.fr;Ministère de l'Intérieur;03-01-4cad3c9b-cc78-9c87-81e7-c5f6effbbced
territoires-industrie.gouv.fr;finances.gouv.fr;Ministères Economiques et Financiers;03-01-ff0d327b-5eab-b75e-994a-3f23f7375520
grand-est.gouv.fr;interieur.gouv.fr;Ministère de l'Intérieur;03-01-4cad3c9b-cc78-9c87-81e7-c5f6effbbced
cglls.fr;developpement-durable.gouv.fr;Ministère de la Transition écologique, de l’Energie, du Climat et de la Prévention des risques;03-01-b3e17a22-0867-bd19-510c-20baf9141361
sdis32.fr;modernisation.gouv.fr;Ministère de l'Intérieur;03-01-4cad3c9b-cc78-9c87-81e7-c5f6effbbced
univ-paris13.fr;modernisation.gouv.fr;Ministère de l'Enseignement supérieur et de la Recherche;03-01-3f041b7e-3554-9081-c446-91c19641abb2
univ-angers.fr;modernisation.gouv.fr;Ministère de l'Enseignement supérieur et de la Recherche;03-01-3f041b7e-3554-9081-c446-91c19641abb2
normandie.chambagri.fr;agriculture.gouv.fr;Ministère de l'Agriculture, de la Souveraineté alimentaire et de la Forêt;03-01-31cdbf93-5b3f-4575-14ce-bca46ed1455e
drieets.gouv.fr;modernisation.gouv.fr;Ministère du Travail et de l’Emploi;03-01-213197c8-e7f8-1efc-037a-84157f5e4401
juradm.fr;modernisation.gouv.fr;Ministère de l'Intérieur;03-01-4cad3c9b-cc78-9c87-81e7-c5f6effbbced
bpi.fr;culture.gouv.fr;Ministère de la Culture;03-01-e68ab7e2-3748-6d64-fbcd-244ff0685751
oncfs.gouv.fr;developpement-durable.gouv.fr;Ministère de la Transition écologique, de l’Energie, du Climat et de la Prévention des risques;03-01-b3e17a22-0867-bd19-510c-20baf9141361
ints.fr;modernisation.gouv.fr;Ministère de la Santé et de l’Accès aux soins;03-01-f8b950b9-058d-58c3-893e-76c5599078b4
sdis66.fr;modernisation.gouv.fr;Ministère de l'Intérieur;03-01-4cad3c9b-cc78-9c87-81e7-c5f6effbbced
vie-publique.fr;modernisation.gouv.fr;Premier ministre;03-01-54a55a87-eb32-6c2b-6bc7-451be72058e0
passculture.app;culture.gouv.fr;Ministère de la Culture;03-01-e68ab7e2-3748-6d64-fbcd-244ff0685751
promo51.ira-metz.gouv.fr;modernisation.gouv.fr;Ministère de la Fonction publique, de la Simplification et de la Transformation de l’action publique;03-01-7a771fe6-06e3-eba6-8dbd-d03c375c1afc
transition-energetique.gouv.fr;developpement-durable.gouv.fr;Ministère de la Transition écologique, de l’Energie, du Climat et de la Prévention des risques;03-01-b3e17a22-0867-bd19-510c-20baf9141361
dgfip.finances.gouv.fr;finances.gouv.fr;Ministères Economiques et Financiers;03-01-ff0d327b-5eab-b75e-994a-3f23f7375520
sg-social.gouv.fr;modernisation.gouv.fr;Ministères sociaux - Secrétariat général;03-01-d553fcef-bd13-1016-efb1-aed325d78f63
carsat-nordest.fr;modernisation.gouv.fr;Ministère de la Santé et de l’Accès aux soins;03-01-f8b950b9-058d-58c3-893e-76c5599078b4
solidarite.gouv.fr;modernisation.gouv.fr;Ministère de la Santé et de l’Accès aux soins;03-01-f8b950b9-058d-58c3-893e-76c5599078b4
institutfrancais.com;diplomatie.gouv.fr;Ministère de l'Europe et des Affaires étrangères;03-01-ede4390f-232b-54d7-5eb4-8866a8134d67
agence-adoption.fr;modernisation.gouv.fr;Migration DINUM;03-01-52e55072-47ec-665f-d787-1df57e98199b
oceadom.fr;agriculture.gouv.fr;Ministère de l'Agriculture, de la Souveraineté alimentaire et de la Forêt;03-01-31cdbf93-5b3f-4575-14ce-bca46ed1455e
eleve.ira-nantes.gouv.fr;modernisation.gouv.fr;Ministère de la Fonction publique, de la Simplification et de la Transformation de l’action publique;03-01-7a771fe6-06e3-eba6-8dbd-d03c375c1afc
cnis.fr;finances.gouv.fr;Ministères Economiques et Financiers;03-01-ff0d327b-5eab-b75e-994a-3f23f7375520
envsn.sports.gouv.fr;modernisation.gouv.fr;Ministère des Sports et des Jeux Olympiques et Paralympiques;03-01-06092d7c-9734-caf8-3826-81368066036d
uca.fr;modernisation.gouv.fr;Migration DINUM;03-01-52e55072-47ec-665f-d787-1df57e98199b
sdis54.fr;modernisation.gouv.fr;Ministère de l'Intérieur;03-01-4cad3c9b-cc78-9c87-81e7-c5f6effbbced
imt-lille-douai.fr;modernisation.gouv.fr;Ministère de l'Enseignement supérieur et de la Recherche;03-01-3f041b7e-3554-9081-c446-91c19641abb2
securite-ferroviaire.fr;developpement-durable.gouv.fr;Ministère de la Transition écologique, de l’Energie, du Climat et de la Prévention des risques;03-01-b3e17a22-0867-bd19-510c-20baf9141361
bretagne.gouv.fr;interieur.gouv.fr;Ministère de l'Intérieur;03-01-4cad3c9b-cc78-9c87-81e7-c5f6effbbced
pibude.com;modernisation.gouv.fr;Migration DINUM;03-01-52e55072-47ec-665f-d787-1df57e98199b
herault.gouv.fr;interieur.gouv.fr;Ministère de l'Intérieur;03-01-4cad3c9b-cc78-9c87-81e7-c5f6effbbced
alpc.gouv.fr;interieur.gouv.fr;Ministère de l'Intérieur;03-01-4cad3c9b-cc78-9c87-81e7-c5f6effbbced
univ-lr.fr;modernisation.gouv.fr;Ministère de l'Enseignement supérieur et de la Recherche;03-01-3f041b7e-3554-9081-c446-91c19641abb2
cgss971.msa.fr;modernisation.gouv.fr;Ministère de l'Agriculture, de la Souveraineté alimentaire et de la Forêt;03-01-31cdbf93-5b3f-4575-14ce-bca46ed1455e
bcl.msa.fr;agriculture.gouv.fr;Ministère de l'Agriculture, de la Souveraineté alimentaire et de la Forêt;03-01-31cdbf93-5b3f-4575-14ce-bca46ed1455e
saone-et-loire.gouv.fr;interieur.gouv.fr;Ministère de l'Intérieur;03-01-4cad3c9b-cc78-9c87-81e7-c5f6effbbced
sdis.fr;modernisation.gouv.fr;Ministère de l'Intérieur;03-01-4cad3c9b-cc78-9c87-81e7-c5f6effbbced
allier.gouv.fr;interieur.gouv.fr;Ministère de l'Intérieur;03-01-4cad3c9b-cc78-9c87-81e7-c5f6effbbced
miprof.gouv.fr;modernisation.gouv.fr;Migration DINUM;03-01-52e55072-47ec-665f-d787-1df57e98199b
dicod.fr;modernisation.gouv.fr;Migration DINUM;03-01-52e55072-47ec-665f-d787-1df57e98199b
grandpalaisrmn.fr;culture.gouv.fr;Ministère de la Culture;03-01-e68ab7e2-3748-6d64-fbcd-244ff0685751
teldoc.sgci.gouv.fr;finances.gouv.fr;Ministères Economiques et Financiers;03-01-ff0d327b-5eab-b75e-994a-3f23f7375520
region-academique-grand-est.fr;modernisation.gouv.fr;Ministère de l’Education nationale;03-01-cebf4ea2-31b6-3c25-a040-29a9ae6dbf67
limousin.msa.fr;agriculture.gouv.fr;Ministère de l'Agriculture, de la Souveraineté alimentaire et de la Forêt;03-01-31cdbf93-5b3f-4575-14ce-bca46ed1455e
sdis09.fr;modernisation.gouv.fr;Ministère de l'Intérieur;03-01-4cad3c9b-cc78-9c87-81e7-c5f6effbbced
retraites.gouv.fr;modernisation.gouv.fr;Ministère de la Santé et de l’Accès aux soins;03-01-f8b950b9-058d-58c3-893e-76c5599078b4
cppm.in2p3.fr;modernisation.gouv.fr;Ministère de l'Enseignement supérieur et de la Recherche;03-01-3f041b7e-3554-9081-c446-91c19641abb2
creps-pap.sports.gouv.fr;modernisation.gouv.fr;Ministère des Sports et des Jeux Olympiques et Paralympiques;03-01-06092d7c-9734-caf8-3826-81368066036d
morbihan.pref.gouv.fr;interieur.gouv.fr;Ministère de l'Intérieur;03-01-4cad3c9b-cc78-9c87-81e7-c5f6effbbced
toulouse-inp.fr;modernisation.gouv.fr;Ministère de l'Enseignement supérieur et de la Recherche;03-01-3f041b7e-3554-9081-c446-91c19641abb2
ac-guyane.fr;modernisation.gouv.fr;Ministère de l’Education nationale;03-01-cebf4ea2-31b6-3c25-a040-29a9ae6dbf67
monuments-nationaux.fr;culture.gouv.fr;Ministère de la Culture;03-01-e68ab7e2-3748-6d64-fbcd-244ff0685751
sciencespo-lyon.fr;modernisation.gouv.fr;Ministère de l'Enseignement supérieur et de la Recherche;03-01-3f041b7e-3554-9081-c446-91c19641abb2
anact.fr;modernisation.gouv.fr;Ministère du Travail et de l’Emploi;03-01-213197c8-e7f8-1efc-037a-84157f5e4401
moselle.gouv.fr;interieur.gouv.fr;Ministère de l'Intérieur;03-01-4cad3c9b-cc78-9c87-81e7-c5f6effbbced
val-doise.gouv.fr;interieur.gouv.fr;Ministère de l'Intérieur;03-01-4cad3c9b-cc78-9c87-81e7-c5f6effbbced
creps-strasbourg.sports.gouv.fr;modernisation.gouv.fr;Ministère des Sports et des Jeux Olympiques et Paralympiques;03-01-06092d7c-9734-caf8-3826-81368066036d
paris-malaquais.archi.fr;culture.gouv.fr;Ministère de la Culture;03-01-e68ab7e2-3748-6d64-fbcd-244ff0685751
sdis86.net;modernisation.gouv.fr;Ministère de l'Intérieur;03-01-4cad3c9b-cc78-9c87-81e7-c5f6effbbced
sdis10.fr;modernisation.gouv.fr;Ministère de l'Intérieur;03-01-4cad3c9b-cc78-9c87-81e7-c5f6effbbced
caissedesdepots.fr;modernisation.gouv.fr;Migration DINUM;03-01-52e55072-47ec-665f-d787-1df57e98199b
cned.fr;modernisation.gouv.fr;Ministère de l’Education nationale;03-01-cebf4ea2-31b6-3c25-a040-29a9ae6dbf67
msa49.msa.fr;agriculture.gouv.fr;Ministère de l'Agriculture, de la Souveraineté alimentaire et de la Forêt;03-01-31cdbf93-5b3f-4575-14ce-bca46ed1455e
sante-travail.gouv.fr;modernisation.gouv.fr;Ministère de la Santé et de l’Accès aux soins;03-01-f8b950b9-058d-58c3-893e-76c5599078b4
sdis88.fr;modernisation.gouv.fr;Ministère de l'Intérieur;03-01-4cad3c9b-cc78-9c87-81e7-c5f6effbbced
l2it.in2p3.fr;modernisation.gouv.fr;Ministère de l'Enseignement supérieur et de la Recherche;03-01-3f041b7e-3554-9081-c446-91c19641abb2
sg.social.gouv.fr;modernisation.gouv.fr;Ministères sociaux - Secrétariat général;03-01-d553fcef-bd13-1016-efb1-aed325d78f63
univ-tln.fr;modernisation.gouv.fr;Ministère de l'Enseignement supérieur et de la Recherche;03-01-3f041b7e-3554-9081-c446-91c19641abb2
gendarmerie.interieur.gouv.fr;interieur.gouv.fr;Ministère de l'Intérieur;03-01-4cad3c9b-cc78-9c87-81e7-c5f6effbbced
precarite.gouv.fr;modernisation.gouv.fr;Ministère de la Santé et de l’Accès aux soins;03-01-f8b950b9-058d-58c3-893e-76c5599078b4
afld.fr;modernisation.gouv.fr;Migration DINUM;03-01-52e55072-47ec-665f-d787-1df57e98199b
in2p3.fr;modernisation.gouv.fr;Ministère de l'Enseignement supérieur et de la Recherche;03-01-3f041b7e-3554-9081-c446-91c19641abb2
creps-wattignies.sports.gouv.fr;modernisation.gouv.fr;Ministère des Sports et des Jeux Olympiques et Paralympiques;03-01-06092d7c-9734-caf8-3826-81368066036d
sportsdenature.gouv.fr;modernisation.gouv.fr;Ministère des Sports et des Jeux Olympiques et Paralympiques;03-01-06092d7c-9734-caf8-3826-81368066036d
diffusion.ville-jeunesse-sports.gouv.fr;modernisation.gouv.fr;Ministère des Sports et des Jeux Olympiques et Paralympiques;03-01-06092d7c-9734-caf8-3826-81368066036d
comite-du-secret.fr;finances.gouv.fr;Ministères Economiques et Financiers;03-01-ff0d327b-5eab-b75e-994a-3f23f7375520
museeairespace.fr;modernisation.gouv.fr;Migration DINUM;03-01-52e55072-47ec-665f-d787-1df57e98199b
didol.logement.gouv.fr;developpement-durable.gouv.fr;Ministère de la Transition écologique, de l’Energie, du Climat et de la Prévention des risques;03-01-b3e17a22-0867-bd19-510c-20baf9141361
crous-versailles.fr;modernisation.gouv.fr;Ministère de l'Enseignement supérieur et de la Recherche;03-01-3f041b7e-3554-9081-c446-91c19641abb2
ensa-nancy.fr;culture.gouv.fr;Ministère de la Culture;03-01-e68ab7e2-3748-6d64-fbcd-244ff0685751
region-academique-normandie.fr;modernisation.gouv.fr;Ministère de l’Education nationale;03-01-cebf4ea2-31b6-3c25-a040-29a9ae6dbf67
ensae.fr;finances.gouv.fr;Ministères Economiques et Financiers;03-01-ff0d327b-5eab-b75e-994a-3f23f7375520
cget.gouv.fr;developpement-durable.gouv.fr;Ministère de la Transition écologique, de l’Energie, du Climat et de la Prévention des risques;03-01-b3e17a22-0867-bd19-510c-20baf9141361
ac-mayotte.fr;modernisation.gouv.fr;Ministère de l’Education nationale;03-01-cebf4ea2-31b6-3c25-a040-29a9ae6dbf67
crous-grenoble.fr;modernisation.gouv.fr;Ministère de l'Enseignement supérieur et de la Recherche;03-01-3f041b7e-3554-9081-c446-91c19641abb2
corse-du-sud.gouv.fr;interieur.gouv.fr;Ministère de l'Intérieur;03-01-4cad3c9b-cc78-9c87-81e7-c5f6effbbced
astro.unistra.fr;modernisation.gouv.fr;Ministère de l'Enseignement supérieur et de la Recherche;03-01-3f041b7e-3554-9081-c446-91c19641abb2
guimet.fr;culture.gouv.fr;Ministère de la Culture;03-01-e68ab7e2-3748-6d64-fbcd-244ff0685751
vienne.gouv.fr;interieur.gouv.fr;Ministère de l'Intérieur;03-01-4cad3c9b-cc78-9c87-81e7-c5f6effbbced
sdis56.fr;modernisation.gouv.fr;Ministère de l'Intérieur;03-01-4cad3c9b-cc78-9c87-81e7-c5f6effbbced
reunion-parcnational.fr;developpement-durable.gouv.fr;Ministère de la Transition écologique, de l’Energie, du Climat et de la Prévention des risques;03-01-b3e17a22-0867-bd19-510c-20baf9141361
france-services.gouv.fr;modernisation.gouv.fr;Migration DINUM;03-01-52e55072-47ec-665f-d787-1df57e98199b
onacvg.fr;modernisation.gouv.fr;Ministère des Armées et des Anciens combattants;03-01-0c82b003-8c3a-c778-e962-ce32bb1a33e9
inp.fr;culture.gouv.fr;Ministère de la Culture;03-01-e68ab7e2-3748-6d64-fbcd-244ff0685751
cnnumerique.fr;modernisation.gouv.fr;Migration DINUM;03-01-52e55072-47ec-665f-d787-1df57e98199b
msa33.msa.fr;agriculture.gouv.fr;Ministère de l'Agriculture, de la Souveraineté alimentaire et de la Forêt;03-01-31cdbf93-5b3f-4575-14ce-bca46ed1455e
region-academique-guyane.fr;modernisation.gouv.fr;Ministère de l’Education nationale;03-01-cebf4ea2-31b6-3c25-a040-29a9ae6dbf67
region-academique-bfc.fr;modernisation.gouv.fr;Ministère de l’Education nationale;03-01-cebf4ea2-31b6-3c25-a040-29a9ae6dbf67
vetagro-sup.fr;agriculture.gouv.fr;Ministère de l'Agriculture, de la Souveraineté alimentaire et de la Forêt;03-01-31cdbf93-5b3f-4575-14ce-bca46ed1455e
univ-guyane.fr;modernisation.gouv.fr;Ministère de l'Enseignement supérieur et de la Recherche;03-01-3f041b7e-3554-9081-c446-91c19641abb2
sdis44.fr;modernisation.gouv.fr;Ministère de l'Intérieur;03-01-4cad3c9b-cc78-9c87-81e7-c5f6effbbced
cnsmdp.fr;culture.gouv.fr;Ministère de la Culture;03-01-e68ab7e2-3748-6d64-fbcd-244ff0685751
cybermalveillance.gouv.fr;modernisation.gouv.fr;Premier ministre;03-01-54a55a87-eb32-6c2b-6bc7-451be72058e0
st-etienne.archi.fr;culture.gouv.fr;Ministère de la Culture;03-01-e68ab7e2-3748-6d64-fbcd-244ff0685751
bouches-du-rhone.gouv.fr;interieur.gouv.fr;Ministère de l'Intérieur;03-01-4cad3c9b-cc78-9c87-81e7-c5f6effbbced
promo54.ira-metz.gouv.fr;modernisation.gouv.fr;Ministère de la Fonction publique, de la Simplification et de la Transformation de l’action publique;03-01-7a771fe6-06e3-eba6-8dbd-d03c375c1afc
indre-et-loire.gouv.fr;interieur.gouv.fr;Ministère de l'Intérieur;03-01-4cad3c9b-cc78-9c87-81e7-c5f6effbbced
savoie.gouv.fr;interieur.gouv.fr;Ministère de l'Intérieur;03-01-4cad3c9b-cc78-9c87-81e7-c5f6effbbced
dmp.gouv.fr;modernisation.gouv.fr;Migration DINUM;03-01-52e55072-47ec-665f-d787-1df57e98199b
imt-atlantique.fr;finances.gouv.fr;Ministères Economiques et Financiers;03-01-ff0d327b-5eab-b75e-994a-3f23f7375520
agro-bordeaux.fr;agriculture.gouv.fr;Ministère de l'Agriculture, de la Souveraineté alimentaire et de la Forêt;03-01-31cdbf93-5b3f-4575-14ce-bca46ed1455e
carsat-centre.fr;modernisation.gouv.fr;Migration DINUM;03-01-52e55072-47ec-665f-d787-1df57e98199b
grandparisamenagement.fr;developpement-durable.gouv.fr;Ministère de la Transition écologique, de l’Energie, du Climat et de la Prévention des risques;03-01-b3e17a22-0867-bd19-510c-20baf9141361
afbiodiversite.fr;developpement-durable.gouv.fr;Ministère de la Transition écologique, de l’Energie, du Climat et de la Prévention des risques;03-01-b3e17a22-0867-bd19-510c-20baf9141361
prestataire.renater.fr;modernisation.gouv.fr;Ministère de l'Enseignement supérieur et de la Recherche;03-01-3f041b7e-3554-9081-c446-91c19641abb2
sdis22.fr;modernisation.gouv.fr;Ministère de l'Intérieur;03-01-4cad3c9b-cc78-9c87-81e7-c5f6effbbced
eg-info.fr;culture.gouv.fr;Ministère de la Culture;03-01-e68ab7e2-3748-6d64-fbcd-244ff0685751
ile-de-france.gouv.fr;interieur.gouv.fr;Ministère de l'Intérieur;03-01-4cad3c9b-cc78-9c87-81e7-c5f6effbbced
famille.gouv.fr;modernisation.gouv.fr;Ministère de la Santé et de l’Accès aux soins;03-01-f8b950b9-058d-58c3-893e-76c5599078b4
creps-rhonealpes.sports.gouv.fr;modernisation.gouv.fr;Ministère des Sports et des Jeux Olympiques et Paralympiques;03-01-06092d7c-9734-caf8-3826-81368066036d
anc.gouv.fr;finances.gouv.fr;Ministères Economiques et Financiers;03-01-ff0d327b-5eab-b75e-994a-3f23f7375520
ac-montpellier.fr;modernisation.gouv.fr;Ministère de l’Education nationale;03-01-cebf4ea2-31b6-3c25-a040-29a9ae6dbf67
ira-bastia.gouv.fr;modernisation.gouv.fr;Ministère de la Fonction publique, de la Simplification et de la Transformation de l’action publique;03-01-7a771fe6-06e3-eba6-8dbd-d03c375c1afc
soc.senat.fr;modernisation.gouv.fr;Migration DINUM;03-01-52e55072-47ec-665f-d787-1df57e98199b
pays-de-la-loire.pref.gouv.fr;interieur.gouv.fr;Ministère de l'Intérieur;03-01-4cad3c9b-cc78-9c87-81e7-c5f6effbbced
drjscs.gouv.fr;modernisation.gouv.fr;Ministère des Sports et des Jeux Olympiques et Paralympiques;03-01-06092d7c-9734-caf8-3826-81368066036d
armorique.msa.fr;agriculture.gouv.fr;Ministère de l'Agriculture, de la Souveraineté alimentaire et de la Forêt;03-01-31cdbf93-5b3f-4575-14ce-bca46ed1455e
cor-retraites.fr;modernisation.gouv.fr;Ministère de la Santé et de l’Accès aux soins;03-01-f8b950b9-058d-58c3-893e-76c5599078b4
externes.emploi.gouv.fr;modernisation.gouv.fr;Ministère du Travail et de l’Emploi;03-01-213197c8-e7f8-1efc-037a-84157f5e4401
univ-tours.fr;modernisation.gouv.fr;Ministère de l'Enseignement supérieur et de la Recherche;03-01-3f041b7e-3554-9081-c446-91c19641abb2
unicaen.fr;modernisation.gouv.fr;Ministère de l'Enseignement supérieur et de la Recherche;03-01-3f041b7e-3554-9081-c446-91c19641abb2
louvre.fr;culture.gouv.fr;Ministère de la Culture;03-01-e68ab7e2-3748-6d64-fbcd-244ff0685751
emploidesseniors.gouv.fr;modernisation.gouv.fr;Ministère du Travail et de l’Emploi;03-01-213197c8-e7f8-1efc-037a-84157f5e4401
sdis46.fr;modernisation.gouv.fr;Ministère de l'Intérieur;03-01-4cad3c9b-cc78-9c87-81e7-c5f6effbbced
famille-enfance.gouv.fr;modernisation.gouv.fr;Ministère de la Santé et de l’Accès aux soins;03-01-f8b950b9-058d-58c3-893e-76c5599078b4
observatoire-parite.gouv.fr;modernisation.gouv.fr;Migration DINUM;03-01-52e55072-47ec-665f-d787-1df57e98199b
sdis81.fr;modernisation.gouv.fr;Ministère de l'Intérieur;03-01-4cad3c9b-cc78-9c87-81e7-c5f6effbbced
france-education-international.fr;modernisation.gouv.fr;Migration DINUM;03-01-52e55072-47ec-665f-d787-1df57e98199b
bretagne.pref.gouv.fr;interieur.gouv.fr;Ministère de l'Intérieur;03-01-4cad3c9b-cc78-9c87-81e7-c5f6effbbced
creps-idf.fr;modernisation.gouv.fr;Ministère des Sports et des Jeux Olympiques et Paralympiques;03-01-06092d7c-9734-caf8-3826-81368066036d
strasbourg.archi.fr;culture.gouv.fr;Ministère de la Culture;03-01-e68ab7e2-3748-6d64-fbcd-244ff0685751
imsa.msa.fr;agriculture.gouv.fr;Ministère de l'Agriculture, de la Souveraineté alimentaire et de la Forêt;03-01-31cdbf93-5b3f-4575-14ce-bca46ed1455e
ccsp.fr;interieur.gouv.fr;Ministère de l'Intérieur;03-01-4cad3c9b-cc78-9c87-81e7-c5f6effbbced
mayenne.gouv.fr;interieur.gouv.fr;Ministère de l'Intérieur;03-01-4cad3c9b-cc78-9c87-81e7-c5f6effbbced
ugap.fr;finances.gouv.fr;Migration DINUM;03-01-52e55072-47ec-665f-d787-1df57e98199b
ensai.fr;finances.gouv.fr;Ministères Economiques et Financiers;03-01-ff0d327b-5eab-b75e-994a-3f23f7375520
academie.def.gouv.fr;modernisation.gouv.fr;Ministère des Armées et des Anciens combattants;03-01-0c82b003-8c3a-c778-e962-ce32bb1a33e9
andra.fr;developpement-durable.gouv.fr;Ministère de la Transition écologique, de l’Energie, du Climat et de la Prévention des risques;03-01-b3e17a22-0867-bd19-510c-20baf9141361
lrmp.gouv.fr;interieur.gouv.fr;Ministère de l'Intérieur;03-01-4cad3c9b-cc78-9c87-81e7-c5f6effbbced
bmpm.gouv.fr;modernisation.gouv.fr;Migration DINUM;03-01-52e55072-47ec-665f-d787-1df57e98199b
region-academique-centre-val-de-loire.fr;modernisation.gouv.fr;Ministère de l’Education nationale;03-01-cebf4ea2-31b6-3c25-a040-29a9ae6dbf67
lozere.gouv.fr;interieur.gouv.fr;Ministère de l'Intérieur;03-01-4cad3c9b-cc78-9c87-81e7-c5f6effbbced
anru.fr;developpement-durable.gouv.fr;Ministère de la Transition écologique, de l’Energie, du Climat et de la Prévention des risques;03-01-b3e17a22-0867-bd19-510c-20baf9141361
chateaudefontainebleau.fr;culture.gouv.fr;Ministère de la Culture;03-01-e68ab7e2-3748-6d64-fbcd-244ff0685751
cerema.fr;developpement-durable.gouv.fr;Ministère de la Transition écologique, de l’Energie, du Climat et de la Prévention des risques;03-01-b3e17a22-0867-bd19-510c-20baf9141361
accoss.fr;modernisation.gouv.fr;Migration DINUM;03-01-52e55072-47ec-665f-d787-1df57e98199b
ip2i.in2p3.fr;modernisation.gouv.fr;Ministère de l'Enseignement supérieur et de la Recherche;03-01-3f041b7e-3554-9081-c446-91c19641abb2
sircom.porte-parole.gouv.fr;modernisation.gouv.fr;Migration DINUM;03-01-52e55072-47ec-665f-d787-1df57e98199b
auvergne-rhone-alpes.pref.gouv.fr;interieur.gouv.fr;Ministère de l'Intérieur;03-01-4cad3c9b-cc78-9c87-81e7-c5f6effbbced
lp2ib.in2p3.fr;modernisation.gouv.fr;Ministère de l'Enseignement supérieur et de la Recherche;03-01-3f041b7e-3554-9081-c446-91c19641abb2
mnc.sante.gouv.fr;modernisation.gouv.fr;Ministère de la Santé et de l’Accès aux soins;03-01-f8b950b9-058d-58c3-893e-76c5599078b4
ofgl.fr;finances.gouv.fr;Migration DINUM;03-01-52e55072-47ec-665f-d787-1df57e98199b
prestataire.modernisation.gouv.fr;modernisation.gouv.fr;Ministère de la Fonction publique, de la Simplification et de la Transformation de l’action publique;03-01-7a771fe6-06e3-eba6-8dbd-d03c375c1afc
sgp.fr;developpement-durable.gouv.fr;Ministère de la Transition écologique, de l’Energie, du Climat et de la Prévention des risques;03-01-b3e17a22-0867-bd19-510c-20baf9141361
spm2.gouv.fr;modernisation.gouv.fr;Premier ministre;03-01-54a55a87-eb32-6c2b-6bc7-451be72058e0
santepubliquefrance.fr;modernisation.gouv.fr;Ministère de la Santé et de l’Accès aux soins;03-01-f8b950b9-058d-58c3-893e-76c5599078b4
jscs.gouv.fr;modernisation.gouv.fr;Ministère des Sports et des Jeux Olympiques et Paralympiques;03-01-06092d7c-9734-caf8-3826-81368066036d
douane.finances.gouv.fr;douane.finances.gouv.fr;DGDDI - Direction générale des Douanes et Droits indirects;03-01-09dee66c-d737-49ee-85df-93a9ef487375
cgss974.msa.fr;modernisation.gouv.fr;Ministère de l'Agriculture, de la Souveraineté alimentaire et de la Forêt;03-01-31cdbf93-5b3f-4575-14ce-bca46ed1455e
premier-ministre.gouv.fr;modernisation.gouv.fr;Premier ministre;03-01-54a55a87-eb32-6c2b-6bc7-451be72058e0
gers.gouv.fr;interieur.gouv.fr;Ministère de l'Intérieur;03-01-4cad3c9b-cc78-9c87-81e7-c5f6effbbced
diffusion.service-civique.gouv.fr;modernisation.gouv.fr;Migration DINUM;03-01-52e55072-47ec-665f-d787-1df57e98199b
ville.gouv.fr;modernisation.gouv.fr;Migration DINUM;03-01-52e55072-47ec-665f-d787-1df57e98199b
carsat-nordpicardie.fr;modernisation.gouv.fr;Migration DINUM;03-01-52e55072-47ec-665f-d787-1df57e98199b
saint-andre.org;modernisation.gouv.fr;Migration DINUM;03-01-52e55072-47ec-665f-d787-1df57e98199b
sdis34.fr;modernisation.gouv.fr;Ministère de l'Intérieur;03-01-4cad3c9b-cc78-9c87-81e7-c5f6effbbced
paris-belleville.archi.fr;culture.gouv.fr;Ministère de la Culture;03-01-e68ab7e2-3748-6d64-fbcd-244ff0685751
dila.gouv.fr;modernisation.gouv.fr;Premier ministre;03-01-54a55a87-eb32-6c2b-6bc7-451be72058e0
indre-et-loire.pref.gouv.fr;interieur.gouv.fr;Ministère de l'Intérieur;03-01-4cad3c9b-cc78-9c87-81e7-c5f6effbbced
institutfrancais.de;diplomatie.gouv.fr;Ministère de l'Europe et des Affaires étrangères;03-01-ede4390f-232b-54d7-5eb4-8866a8134d67
cnil.fr;modernisation.gouv.fr;Migration DINUM;03-01-52e55072-47ec-665f-d787-1df57e98199b
industrie.gouv.fr;finances.gouv.fr;Ministères Economiques et Financiers;03-01-ff0d327b-5eab-b75e-994a-3f23f7375520
meteo.fr;developpement-durable.gouv.fr;Ministère de la Transition écologique, de l’Energie, du Climat et de la Prévention des risques;03-01-b3e17a22-0867-bd19-510c-20baf9141361
crpf.fr;agriculture.gouv.fr;Ministère de l'Agriculture, de la Souveraineté alimentaire et de la Forêt;03-01-31cdbf93-5b3f-4575-14ce-bca46ed1455e
unedic.fr;modernisation.gouv.fr;Ministère du Travail et de l’Emploi;03-01-213197c8-e7f8-1efc-037a-84157f5e4401
carsat-ra.fr;modernisation.gouv.fr;Migration DINUM;03-01-52e55072-47ec-665f-d787-1df57e98199b
sdis93.fr;modernisation.gouv.fr;Ministère de l'Intérieur;03-01-4cad3c9b-cc78-9c87-81e7-c5f6effbbced
nouvelle-aquitaine.gouv.fr;interieur.gouv.fr;Ministère de l'Intérieur;03-01-4cad3c9b-cc78-9c87-81e7-c5f6effbbced
creps-reunion.sports.gouv.fr;modernisation.gouv.fr;Ministère des Sports et des Jeux Olympiques et Paralympiques;03-01-06092d7c-9734-caf8-3826-81368066036d
sdis68.fr;modernisation.gouv.fr;Ministère de l'Intérieur;03-01-4cad3c9b-cc78-9c87-81e7-c5f6effbbced
lpsc.in2p3.fr;modernisation.gouv.fr;Ministère de l'Enseignement supérieur et de la Recherche;03-01-3f041b7e-3554-9081-c446-91c19641abb2
lak.edu.lb;diplomatie.gouv.fr;Migration DINUM;03-01-52e55072-47ec-665f-d787-1df57e98199b
emploi.gouv.fr;modernisation.gouv.fr;Ministère du Travail et de l’Emploi;03-01-213197c8-e7f8-1efc-037a-84157f5e4401
cnmss.fr;modernisation.gouv.fr;Ministère des Armées et des Anciens combattants;03-01-0c82b003-8c3a-c778-e962-ce32bb1a33e9
dr20.cnrs.fr;modernisation.gouv.fr;Ministère de l'Enseignement supérieur et de la Recherche;03-01-3f041b7e-3554-9081-c446-91c19641abb2
sdis12.fr;modernisation.gouv.fr;Ministère de l'Intérieur;03-01-4cad3c9b-cc78-9c87-81e7-c5f6effbbced
ina.fr;culture.gouv.fr;Ministère de la Culture;03-01-e68ab7e2-3748-6d64-fbcd-244ff0685751
univ-lyon1.fr;modernisation.gouv.fr;Ministère de l'Enseignement supérieur et de la Recherche;03-01-3f041b7e-3554-9081-c446-91c19641abb2
languedoc.msa.fr;agriculture.gouv.fr;Ministère de l'Agriculture, de la Souveraineté alimentaire et de la Forêt;03-01-31cdbf93-5b3f-4575-14ce-bca46ed1455e
api.gouv.fr;modernisation.gouv.fr;Ministère de la Fonction publique, de la Simplification et de la Transformation de l’action publique;03-01-7a771fe6-06e3-eba6-8dbd-d03c375c1afc
aesn.fr;developpement-durable.gouv.fr;Ministère de la Transition écologique, de l’Energie, du Climat et de la Prévention des risques;03-01-b3e17a22-0867-bd19-510c-20baf9141361
iu2t.univ-paris8.fr;modernisation.gouv.fr;Ministère de l'Enseignement supérieur et de la Recherche;03-01-3f041b7e-3554-9081-c446-91c19641abb2
collectivites-territoriales.gouv.fr;developpement-durable.gouv.fr;Ministère de la Transition écologique, de l’Energie, du Climat et de la Prévention des risques;03-01-b3e17a22-0867-bd19-510c-20baf9141361
cbnmed.fr;developpement-durable.gouv.fr;Ministère de la Transition écologique, de l’Energie, du Climat et de la Prévention des risques;03-01-b3e17a22-0867-bd19-510c-20baf9141361
finistere.gouv.fr;interieur.gouv.fr;Ministère de l'Intérieur;03-01-4cad3c9b-cc78-9c87-81e7-c5f6effbbced
insep.fr;modernisation.gouv.fr;Ministère des Sports et des Jeux Olympiques et Paralympiques;03-01-06092d7c-9734-caf8-3826-81368066036d
hauts-de-france.gouv.fr;interieur.gouv.fr;Ministère de l'Intérieur;03-01-4cad3c9b-cc78-9c87-81e7-c5f6effbbced
journal-officiel.gouv.fr;modernisation.gouv.fr;Premier ministre;03-01-54a55a87-eb32-6c2b-6bc7-451be72058e0
technologie.gouv.fr;modernisation.gouv.fr;Migration DINUM;03-01-52e55072-47ec-665f-d787-1df57e98199b
eure-et-loir.gouv.fr;interieur.gouv.fr;Ministère de l'Intérieur;03-01-4cad3c9b-cc78-9c87-81e7-c5f6effbbced
scl.finances.gouv.fr;dgccrf.finances.gouv.fr;Ministères Economiques et Financiers;03-01-ff0d327b-5eab-b75e-994a-3f23f7375520
eleve.ira-metz.gouv.fr;modernisation.gouv.fr;Ministère de la Fonction publique, de la Simplification et de la Transformation de l’action publique;03-01-7a771fe6-06e3-eba6-8dbd-d03c375c1afc
musee-marine.fr;culture.gouv.fr;Ministère de la Culture;03-01-e68ab7e2-3748-6d64-fbcd-244ff0685751
ensma.fr;modernisation.gouv.fr;Ministère de l'Enseignement supérieur et de la Recherche;03-01-3f041b7e-3554-9081-c446-91c19641abb2
palais-portedoree.fr;culture.gouv.fr;Ministère de la Culture;03-01-e68ab7e2-3748-6d64-fbcd-244ff0685751
tns.fr;culture.gouv.fr;Ministère de la Culture;03-01-e68ab7e2-3748-6d64-fbcd-244ff0685751
vnf.fr;developpement-durable.gouv.fr;Ministère de la Transition écologique, de l’Energie, du Climat et de la Prévention des risques;03-01-b3e17a22-0867-bd19-510c-20baf9141361
ihemi.fr;interieur.gouv.fr;Ministère de l'Intérieur;03-01-4cad3c9b-cc78-9c87-81e7-c5f6effbbced
cyu.fr;modernisation.gouv.fr;Migration DINUM;03-01-52e55072-47ec-665f-d787-1df57e98199b
fnap-logement.fr;developpement-durable.gouv.fr;Ministère de la Transition écologique, de l’Energie, du Climat et de la Prévention des risques;03-01-b3e17a22-0867-bd19-510c-20baf9141361
ined.fr;modernisation.gouv.fr;Ministère de l'Enseignement supérieur et de la Recherche;03-01-3f041b7e-3554-9081-c446-91c19641abb2
centrenationaldulivre.fr;culture.gouv.fr;Ministère de la Culture;03-01-e68ab7e2-3748-6d64-fbcd-244ff0685751
crous-toulouse.fr;modernisation.gouv.fr;Ministère de l'Enseignement supérieur et de la Recherche;03-01-3f041b7e-3554-9081-c446-91c19641abb2
hebergement2.interieur-gouv.fr;interieur.gouv.fr;Ministère de l'Intérieur;03-01-4cad3c9b-cc78-9c87-81e7-c5f6effbbced
ac-reunion.fr;modernisation.gouv.fr;Ministère de l’Education nationale;03-01-cebf4ea2-31b6-3c25-a040-29a9ae6dbf67
hatvp.fr;modernisation.gouv.fr;Migration DINUM;03-01-52e55072-47ec-665f-d787-1df57e98199b
sdis91.fr;modernisation.gouv.fr;Ministère de l'Intérieur;03-01-4cad3c9b-cc78-9c87-81e7-c5f6effbbced
hcf-famille.fr;modernisation.gouv.fr;Migration DINUM;03-01-52e55072-47ec-665f-d787-1df57e98199b
juradmin.fr;modernisation.gouv.fr;Ministère de l'Intérieur;03-01-4cad3c9b-cc78-9c87-81e7-c5f6effbbced
supmaritime.fr;developpement-durable.gouv.fr;Ministère de la Transition écologique, de l’Energie, du Climat et de la Prévention des risques;03-01-b3e17a22-0867-bd19-510c-20baf9141361
orne.gouv.fr;interieur.gouv.fr;Ministère de l'Intérieur;03-01-4cad3c9b-cc78-9c87-81e7-c5f6effbbced
cnefop.gouv.fr;modernisation.gouv.fr;Migration DINUM;03-01-52e55072-47ec-665f-d787-1df57e98199b
sdis24.fr;modernisation.gouv.fr;Ministère de l'Intérieur;03-01-4cad3c9b-cc78-9c87-81e7-c5f6effbbced
synchrotron-soleil.fr;modernisation.gouv.fr;Ministère de l'Enseignement supérieur et de la Recherche;03-01-3f041b7e-3554-9081-c446-91c19641abb2
fondsdesoutien.gouv.fr;finances.gouv.fr;Ministères Economiques et Financiers;03-01-ff0d327b-5eab-b75e-994a-3f23f7375520
creuse.gouv.fr;interieur.gouv.fr;Ministère de l'Intérieur;03-01-4cad3c9b-cc78-9c87-81e7-c5f6effbbced
centre-val-de-loire.gouv.fr;interieur.gouv.fr;Ministère de l'Intérieur;03-01-4cad3c9b-cc78-9c87-81e7-c5f6effbbced
meurthe-et-moselle.gouv.fr;interieur.gouv.fr;Ministère de l'Intérieur;03-01-4cad3c9b-cc78-9c87-81e7-c5f6effbbced
cines.fr;modernisation.gouv.fr;Ministère de l'Enseignement supérieur et de la Recherche;03-01-3f041b7e-3554-9081-c446-91c19641abb2
agencerecherche.fr;modernisation.gouv.fr;Ministère de l'Enseignement supérieur et de la Recherche;03-01-3f041b7e-3554-9081-c446-91c19641abb2
anj.fr;modernisation.gouv.fr;Migration DINUM;03-01-52e55072-47ec-665f-d787-1df57e98199b
caf66.caf.fr;modernisation.gouv.fr;Migration DINUM;03-01-52e55072-47ec-665f-d787-1df57e98199b
ofpra.gouv.fr;interieur.gouv.fr;Ministère de l'Intérieur;03-01-4cad3c9b-cc78-9c87-81e7-c5f6effbbced
u-paris.fr;modernisation.gouv.fr;Ministère de l'Enseignement supérieur et de la Recherche;03-01-3f041b7e-3554-9081-c446-91c19641abb2
univ-lyon3.fr;modernisation.gouv.fr;Ministère de l'Enseignement supérieur et de la Recherche;03-01-3f041b7e-3554-9081-c446-91c19641abb2
drome.gouv.fr;interieur.gouv.fr;Ministère de l'Intérieur;03-01-4cad3c9b-cc78-9c87-81e7-c5f6effbbced
chambord.org;agriculture.gouv.fr;Ministère de l'Agriculture, de la Souveraineté alimentaire et de la Forêt;03-01-31cdbf93-5b3f-4575-14ce-bca46ed1455e
cades.fr;finances.gouv.fr;Ministères Economiques et Financiers;03-01-ff0d327b-5eab-b75e-994a-3f23f7375520
univ-cotedazur.fr;modernisation.gouv.fr;Ministère de l'Enseignement supérieur et de la Recherche;03-01-3f041b7e-3554-9081-c446-91c19641abb2
ladocfrancaise.gouv.fr;modernisation.gouv.fr;Premier ministre;03-01-54a55a87-eb32-6c2b-6bc7-451be72058e0
yonne.gouv.fr;interieur.gouv.fr;Ministère de l'Intérieur;03-01-4cad3c9b-cc78-9c87-81e7-c5f6effbbced
sdis972.fr;modernisation.gouv.fr;Ministère de l'Intérieur;03-01-4cad3c9b-cc78-9c87-81e7-c5f6effbbced
cofgc.gouv.fr;modernisation.gouv.fr;Migration DINUM;03-01-52e55072-47ec-665f-d787-1df57e98199b
enssib.fr;modernisation.gouv.fr;Ministère de l'Enseignement supérieur et de la Recherche;03-01-3f041b7e-3554-9081-c446-91c19641abb2
sdis02.fr;modernisation.gouv.fr;Ministère de l'Intérieur;03-01-4cad3c9b-cc78-9c87-81e7-c5f6effbbced
recrutement.fonction-publique.gouv.fr;finances.gouv.fr;Ministère de la Fonction publique, de la Simplification et de la Transformation de l’action publique;03-01-7a771fe6-06e3-eba6-8dbd-d03c375c1afc
kiosque-sig.gouv.fr;modernisation.gouv.fr;Premier ministre;03-01-54a55a87-eb32-6c2b-6bc7-451be72058e0
drrt.u-strasbg.fr;modernisation.gouv.fr;Ministère de l'Enseignement supérieur et de la Recherche;03-01-3f041b7e-3554-9081-c446-91c19641abb2
hadopi.fr;modernisation.gouv.fr;Migration DINUM;03-01-52e55072-47ec-665f-d787-1df57e98199b
insa-toulouse.fr;modernisation.gouv.fr;Ministère de l'Enseignement supérieur et de la Recherche;03-01-3f041b7e-3554-9081-c446-91c19641abb2
cnav.fr;modernisation.gouv.fr;Migration DINUM;03-01-52e55072-47ec-665f-d787-1df57e98199b
comite-du-label.fr;finances.gouv.fr;Ministères Economiques et Financiers;03-01-ff0d327b-5eab-b75e-994a-3f23f7375520
epms-le-littoral.org;modernisation.gouv.fr;Migration DINUM;03-01-52e55072-47ec-665f-d787-1df57e98199b
autoritedelaconcurrence.fr;modernisation.gouv.fr;Ministères Economiques et Financiers;03-01-ff0d327b-5eab-b75e-994a-3f23f7375520
centrepompidou.fr;culture.gouv.fr;Ministère de la Culture;03-01-e68ab7e2-3748-6d64-fbcd-244ff0685751
charente-maritime.gouv.fr;interieur.gouv.fr;Ministère de l'Intérieur;03-01-4cad3c9b-cc78-9c87-81e7-c5f6effbbced
arcom.fr;modernisation.gouv.fr;Migration DINUM;03-01-52e55072-47ec-665f-d787-1df57e98199b
insa-cvl.fr;modernisation.gouv.fr;Migration DINUM;03-01-52e55072-47ec-665f-d787-1df57e98199b
enit.fr;modernisation.gouv.fr;Ministère de l'Enseignement supérieur et de la Recherche;03-01-3f041b7e-3554-9081-c446-91c19641abb2
anfr.fr;finances.gouv.fr;Ministères Economiques et Financiers;03-01-ff0d327b-5eab-b75e-994a-3f23f7375520
amf-france.org;modernisation.gouv.fr;Ministères Economiques et Financiers;03-01-ff0d327b-5eab-b75e-994a-3f23f7375520
galileo.finances.gouv.fr;finances.gouv.fr;Ministères Economiques et Financiers;03-01-ff0d327b-5eab-b75e-994a-3f23f7375520
polynesie-francaise.pref.gouv.fr;interieur.gouv.fr;Ministère de l'Intérieur;03-01-4cad3c9b-cc78-9c87-81e7-c5f6effbbced
gip-ierdj.fr;justice.gouv.fr;Ministère de la justice;03-01-8ce24e3c-c739-1e77-0f59-5e0b4f106648
lecnam.net;modernisation.gouv.fr;Ministère de l'Enseignement supérieur et de la Recherche;03-01-3f041b7e-3554-9081-c446-91c19641abb2
etat04.fr;interieur.gouv.fr;Ministère de l'Intérieur;03-01-4cad3c9b-cc78-9c87-81e7-c5f6effbbced
insee.fr;insee.fr;Ministères Economiques et Financiers;03-01-ff0d327b-5eab-b75e-994a-3f23f7375520
health-data-hub.fr;modernisation.gouv.fr;Ministère de la Santé et de l’Accès aux soins;03-01-f8b950b9-058d-58c3-893e-76c5599078b4
ac-lyon.fr;modernisation.gouv.fr;Ministère de l’Education nationale;03-01-cebf4ea2-31b6-3c25-a040-29a9ae6dbf67
inist.fr;modernisation.gouv.fr;Migration DINUM;03-01-52e55072-47ec-665f-d787-1df57e98199b
pyrenees-orientales.gouv.fr;interieur.gouv.fr;Ministère de l'Intérieur;03-01-4cad3c9b-cc78-9c87-81e7-c5f6effbbced
oniris-nantes.fr;agriculture.gouv.fr;Ministère de l'Agriculture, de la Souveraineté alimentaire et de la Forêt;03-01-31cdbf93-5b3f-4575-14ce-bca46ed1455e
toulouse.archi.fr;culture.gouv.fr;Ministère de la Culture;03-01-e68ab7e2-3748-6d64-fbcd-244ff0685751
indre.gouv.fr;interieur.gouv.fr;Ministère de l'Intérieur;03-01-4cad3c9b-cc78-9c87-81e7-c5f6effbbced
agrosupdijon.fr;agriculture.gouv.fr;Ministère de l'Agriculture, de la Souveraineté alimentaire et de la Forêt;03-01-31cdbf93-5b3f-4575-14ce-bca46ed1455e
guyane-parcnational.fr;developpement-durable.gouv.fr;Ministère de la Transition écologique, de l’Energie, du Climat et de la Prévention des risques;03-01-b3e17a22-0867-bd19-510c-20baf9141361
epnak.org;modernisation.gouv.fr;Migration DINUM;03-01-52e55072-47ec-665f-d787-1df57e98199b
hebergement.interieur-gouv.fr;interieur.gouv.fr;Ministère de l'Intérieur;03-01-4cad3c9b-cc78-9c87-81e7-c5f6effbbced
equipement.gouv.fr;developpement-durable.gouv.fr;Ministère de la Transition écologique, de l’Energie, du Climat et de la Prévention des risques;03-01-b3e17a22-0867-bd19-510c-20baf9141361
epnc.fr;developpement-durable.gouv.fr;Ministère de la Transition écologique, de l’Energie, du Climat et de la Prévention des risques;03-01-b3e17a22-0867-bd19-510c-20baf9141361
sdis23.com;modernisation.gouv.fr;Ministère de l'Intérieur;03-01-4cad3c9b-cc78-9c87-81e7-c5f6effbbced
creps-dijon.sports.gouv.fr;modernisation.gouv.fr;Ministère des Sports et des Jeux Olympiques et Paralympiques;03-01-06092d7c-9734-caf8-3826-81368066036d
sdis58.fr;modernisation.gouv.fr;Ministère de l'Intérieur;03-01-4cad3c9b-cc78-9c87-81e7-c5f6effbbced
rennes.archi.fr;culture.gouv.fr;Ministère de la Culture;03-01-e68ab7e2-3748-6d64-fbcd-244ff0685751
ac-limoges.fr;modernisation.gouv.fr;Ministère de l’Education nationale;03-01-cebf4ea2-31b6-3c25-a040-29a9ae6dbf67
diges.gouv.fr;modernisation.gouv.fr;Migration DINUM;03-01-52e55072-47ec-665f-d787-1df57e98199b
landes.gouv.fr;interieur.gouv.fr;Ministère de l'Intérieur;03-01-4cad3c9b-cc78-9c87-81e7-c5f6effbbced
stagiaire.ira-metz.gouv.fr;modernisation.gouv.fr;Ministère de la Fonction publique, de la Simplification et de la Transformation de l’action publique;03-01-7a771fe6-06e3-eba6-8dbd-d03c375c1afc
angdm.fr;developpement-durable.gouv.fr;Ministère de la Transition écologique, de l’Energie, du Climat et de la Prévention des risques;03-01-b3e17a22-0867-bd19-510c-20baf9141361
reunion.pref.gouv.fr;interieur.gouv.fr;Ministère de l'Intérieur;03-01-4cad3c9b-cc78-9c87-81e7-c5f6effbbced
institut-agro.fr;modernisation.gouv.fr;Ministère de l'Agriculture, de la Souveraineté alimentaire et de la Forêt;03-01-31cdbf93-5b3f-4575-14ce-bca46ed1455e
espaces-naturels.fr;developpement-durable.gouv.fr;Ministère de la Transition écologique, de l’Energie, du Climat et de la Prévention des risques;03-01-b3e17a22-0867-bd19-510c-20baf9141361
reseau-canope.fr;modernisation.gouv.fr;Ministère de l'Enseignement supérieur et de la Recherche;03-01-3f041b7e-3554-9081-c446-91c19641abb2
region-academique-martinique.fr;modernisation.gouv.fr;Ministère de l’Education nationale;03-01-cebf4ea2-31b6-3c25-a040-29a9ae6dbf67
cada.fr;modernisation.gouv.fr;Premier ministre;03-01-54a55a87-eb32-6c2b-6bc7-451be72058e0
cne2.fr;modernisation.gouv.fr;Migration DINUM;03-01-52e55072-47ec-665f-d787-1df57e98199b
ansp.gouv.fr;modernisation.gouv.fr;Migration DINUM;03-01-52e55072-47ec-665f-d787-1df57e98199b
cnc.fr;culture.gouv.fr;Ministère de la Culture;03-01-e68ab7e2-3748-6d64-fbcd-244ff0685751
guadeloupe-parcnational.fr;developpement-durable.gouv.fr;Ministère de la Transition écologique, de l’Energie, du Climat et de la Prévention des risques;03-01-b3e17a22-0867-bd19-510c-20baf9141361
ac-puy-de-dome.gouv.fr;modernisation.gouv.fr;Ministère de l’Education nationale;03-01-cebf4ea2-31b6-3c25-a040-29a9ae6dbf67
corse.gouv.fr;interieur.gouv.fr;Ministère de l'Intérieur;03-01-4cad3c9b-cc78-9c87-81e7-c5f6effbbced
musee-armee.fr;modernisation.gouv.fr;Ministère des Armées et des Anciens combattants;03-01-0c82b003-8c3a-c778-e962-ce32bb1a33e9
fun-mooc.fr;modernisation.gouv.fr;Ministère de l'Enseignement supérieur et de la Recherche;03-01-3f041b7e-3554-9081-c446-91c19641abb2
onf.fr;agriculture.gouv.fr;Ministère de l'Agriculture, de la Souveraineté alimentaire et de la Forêt;03-01-31cdbf93-5b3f-4575-14ce-bca46ed1455e
sgae.gouv.fr;modernisation.gouv.fr;Premier ministre;03-01-54a55a87-eb32-6c2b-6bc7-451be72058e0
sdis95.fr;modernisation.gouv.fr;Ministère de l'Intérieur;03-01-4cad3c9b-cc78-9c87-81e7-c5f6effbbced
msa20.msa.fr;agriculture.gouv.fr;Ministère de l'Agriculture, de la Souveraineté alimentaire et de la Forêt;03-01-31cdbf93-5b3f-4575-14ce-bca46ed1455e
cevennes-parcnational.fr;developpement-durable.gouv.fr;Ministère de la Transition écologique, de l’Energie, du Climat et de la Prévention des risques;03-01-b3e17a22-0867-bd19-510c-20baf9141361
reforme-assurance-maladie.gouv.fr;modernisation.gouv.fr;Ministère de la Santé et de l’Accès aux soins;03-01-f8b950b9-058d-58c3-893e-76c5599078b4
crc.senat.fr;modernisation.gouv.fr;Migration DINUM;03-01-52e55072-47ec-665f-d787-1df57e98199b
grandsud.msa.fr;agriculture.gouv.fr;Ministère de l'Agriculture, de la Souveraineté alimentaire et de la Forêt;03-01-31cdbf93-5b3f-4575-14ce-bca46ed1455e
univ-perp.fr;modernisation.gouv.fr;Ministère de l'Enseignement supérieur et de la Recherche;03-01-3f041b7e-3554-9081-c446-91c19641abb2
acte-etat-civil.fr;modernisation.gouv.fr;Migration DINUM;03-01-52e55072-47ec-665f-d787-1df57e98199b
mayotte.gouv.fr;interieur.gouv.fr;Ministère de l'Intérieur;03-01-4cad3c9b-cc78-9c87-81e7-c5f6effbbced
loir-et-cher.gouv.fr;interieur.gouv.fr;Ministère de l'Intérieur;03-01-4cad3c9b-cc78-9c87-81e7-c5f6effbbced
erafp.fr;finances.gouv.fr;Ministères Economiques et Financiers;03-01-ff0d327b-5eab-b75e-994a-3f23f7375520
ifsttar.fr;modernisation.gouv.fr;Migration DINUM;03-01-52e55072-47ec-665f-d787-1df57e98199b
charente.gouv.fr;interieur.gouv.fr;Ministère de l'Intérieur;03-01-4cad3c9b-cc78-9c87-81e7-c5f6effbbced
essonne.gouv.fr;interieur.gouv.fr;Ministère de l'Intérieur;03-01-4cad3c9b-cc78-9c87-81e7-c5f6effbbced
cafperpignan.cnafmail.fr;modernisation.gouv.fr;Migration DINUM;03-01-52e55072-47ec-665f-d787-1df57e98199b
lot-et-garonne.gouv.fr;interieur.gouv.fr;Ministère de l'Intérieur;03-01-4cad3c9b-cc78-9c87-81e7-c5f6effbbced
territoires.gouv.fr;developpement-durable.gouv.fr;Ministère de la Transition écologique, de l’Energie, du Climat et de la Prévention des risques;03-01-b3e17a22-0867-bd19-510c-20baf9141361
franceagrimer.fr;agriculture.gouv.fr;Ministère de l'Agriculture, de la Souveraineté alimentaire et de la Forêt;03-01-31cdbf93-5b3f-4575-14ce-bca46ed1455e
enim.eu;developpement-durable.gouv.fr;Ministère de la Transition écologique, de l’Energie, du Climat et de la Prévention des risques;03-01-b3e17a22-0867-bd19-510c-20baf9141361
eau-seine-normandie.fr;developpement-durable.gouv.fr;Ministère de la Transition écologique, de l’Energie, du Climat et de la Prévention des risques;03-01-b3e17a22-0867-bd19-510c-20baf9141361
sdis14.fr;modernisation.gouv.fr;Ministère de l'Intérieur;03-01-4cad3c9b-cc78-9c87-81e7-c5f6effbbced
chateauversailles.fr;culture.gouv.fr;Ministère de la Culture;03-01-e68ab7e2-3748-6d64-fbcd-244ff0685751
lma.in2p3.fr;modernisation.gouv.fr;Ministère de l'Enseignement supérieur et de la Recherche;03-01-3f041b7e-3554-9081-c446-91c19641abb2
spm.gouv.fr;interieur.gouv.fr;Ministère de l'Intérieur;03-01-4cad3c9b-cc78-9c87-81e7-c5f6effbbced
francemobilites.fr;developpement-durable.gouv.fr;Ministère de la Transition écologique, de l’Energie, du Climat et de la Prévention des risques;03-01-b3e17a22-0867-bd19-510c-20baf9141361
pre-exploitannuaire.ader.gouv.fr;modernisation.gouv.fr;Premier ministre;03-01-54a55a87-eb32-6c2b-6bc7-451be72058e0
univ-lemans.fr;modernisation.gouv.fr;Ministère de l'Enseignement supérieur et de la Recherche;03-01-3f041b7e-3554-9081-c446-91c19641abb2
carsat-auvergne.fr;modernisation.gouv.fr;Migration DINUM;03-01-52e55072-47ec-665f-d787-1df57e98199b
republicains.senat.fr;modernisation.gouv.fr;Migration DINUM;03-01-52e55072-47ec-665f-d787-1df57e98199b
paris-valdeseine.archi.fr;culture.gouv.fr;Ministère de la Culture;03-01-e68ab7e2-3748-6d64-fbcd-244ff0685751
asp-public.fr;agriculture.gouv.fr;Ministère de l'Agriculture, de la Souveraineté alimentaire et de la Forêt;03-01-31cdbf93-5b3f-4575-14ce-bca46ed1455e
granddebat.fr;developpement-durable.gouv.fr;Ministère de la Transition écologique, de l’Energie, du Climat et de la Prévention des risques;03-01-b3e17a22-0867-bd19-510c-20baf9141361
promo52.ira-metz.gouv.fr;modernisation.gouv.fr;Ministère de la Fonction publique, de la Simplification et de la Transformation de l’action publique;03-01-7a771fe6-06e3-eba6-8dbd-d03c375c1afc
irsem.fr;modernisation.gouv.fr;Migration DINUM;03-01-52e55072-47ec-665f-d787-1df57e98199b
ec-nantes.fr;modernisation.gouv.fr;Ministère de l'Enseignement supérieur et de la Recherche;03-01-3f041b7e-3554-9081-c446-91c19641abb2
intradef.gouv.fr;modernisation.gouv.fr;Ministère des Armées et des Anciens combattants;03-01-0c82b003-8c3a-c778-e962-ce32bb1a33e9
integration.gouv.fr;modernisation.gouv.fr;Migration DINUM;03-01-52e55072-47ec-665f-d787-1df57e98199b
culture.gouv.fr;culture.gouv.fr;Ministère de la Culture;03-01-e68ab7e2-3748-6d64-fbcd-244ff0685751
sdis48.fr;modernisation.gouv.fr;Ministère de l'Intérieur;03-01-4cad3c9b-cc78-9c87-81e7-c5f6effbbced
marne.gouv.fr;interieur.gouv.fr;Ministère de l'Intérieur;03-01-4cad3c9b-cc78-9c87-81e7-c5f6effbbced
entpe.fr;developpement-durable.gouv.fr;Ministère de la Transition écologique, de l’Energie, du Climat et de la Prévention des risques;03-01-b3e17a22-0867-bd19-510c-20baf9141361
forets-parcnational.fr;developpement-durable.gouv.fr;Ministère de la Transition écologique, de l’Energie, du Climat et de la Prévention des risques;03-01-b3e17a22-0867-bd19-510c-20baf9141361
berry-touraine.msa.fr;agriculture.gouv.fr;Ministère de l'Agriculture, de la Souveraineté alimentaire et de la Forêt;03-01-31cdbf93-5b3f-4575-14ce-bca46ed1455e
guadeloupe.gouv.fr;interieur.gouv.fr;Ministère de l'Intérieur;03-01-4cad3c9b-cc78-9c87-81e7-c5f6effbbced
sdis26.fr;modernisation.gouv.fr;Ministère de l'Intérieur;03-01-4cad3c9b-cc78-9c87-81e7-c5f6effbbced
guyane.gouv.fr;interieur.gouv.fr;Ministère de l'Intérieur;03-01-4cad3c9b-cc78-9c87-81e7-c5f6effbbced
femmes-egalite.gouv.fr;modernisation.gouv.fr;Migration DINUM;03-01-52e55072-47ec-665f-d787-1df57e98199b
espace.gouv.fr;modernisation.gouv.fr;Migration DINUM;03-01-52e55072-47ec-665f-d787-1df57e98199b
agrasc.gouv.fr;justice.gouv.fr;Ministère de la justice;03-01-8ce24e3c-c739-1e77-0f59-5e0b4f106648
region-academique-occitanie.fr;modernisation.gouv.fr;Ministère de l’Education nationale;03-01-cebf4ea2-31b6-3c25-a040-29a9ae6dbf67
inra.fr;modernisation.gouv.fr;Ministère de l'Enseignement supérieur et de la Recherche;03-01-3f041b7e-3554-9081-c446-91c19641abb2
ac-polynesie.pf;modernisation.gouv.fr;Ministère de l’Education nationale;03-01-cebf4ea2-31b6-3c25-a040-29a9ae6dbf67
institutcancer.fr;modernisation.gouv.fr;Ministère de l'Enseignement supérieur et de la Recherche;03-01-3f041b7e-3554-9081-c446-91c19641abb2
sdis71.fr;modernisation.gouv.fr;Ministère de l'Intérieur;03-01-4cad3c9b-cc78-9c87-81e7-c5f6effbbced
cop21.gouv.fr;developpement-durable.gouv.fr;Ministère de la Transition écologique, de l’Energie, du Climat et de la Prévention des risques;03-01-b3e17a22-0867-bd19-510c-20baf9141361
e2s-uppa.eu;modernisation.gouv.fr;Migration DINUM;03-01-52e55072-47ec-665f-d787-1df57e98199b
epfpaca.com;developpement-durable.gouv.fr;Ministère de la Transition écologique, de l’Energie, du Climat et de la Prévention des risques;03-01-b3e17a22-0867-bd19-510c-20baf9141361
sdis04.fr;modernisation.gouv.fr;Ministère de l'Intérieur;03-01-4cad3c9b-cc78-9c87-81e7-c5f6effbbced
msa44-85.msa.fr;agriculture.gouv.fr;Ministère de l'Agriculture, de la Souveraineté alimentaire et de la Forêt;03-01-31cdbf93-5b3f-4575-14ce-bca46ed1455e
info-routiere.gouv.fr;developpement-durable.gouv.fr;Ministère de la Transition écologique, de l’Energie, du Climat et de la Prévention des risques;03-01-b3e17a22-0867-bd19-510c-20baf9141361
aefe-proche-orient.net;diplomatie.gouv.fr;Ministère de l'Europe et des Affaires étrangères;03-01-ede4390f-232b-54d7-5eb4-8866a8134d67
caf65.caf.fr;modernisation.gouv.fr;Migration DINUM;03-01-52e55072-47ec-665f-d787-1df57e98199b
museeduluxembourg.fr;culture.gouv.fr;Ministère de la Culture;03-01-e68ab7e2-3748-6d64-fbcd-244ff0685751
comite-ethique.gouv.fr;modernisation.gouv.fr;Migration DINUM;03-01-52e55072-47ec-665f-d787-1df57e98199b
agriculture.gouv.fr;agriculture.gouv.fr;Ministère de l'Agriculture, de la Souveraineté alimentaire et de la Forêt;03-01-31cdbf93-5b3f-4575-14ce-bca46ed1455e
ars.sante.fr;modernisation.gouv.fr;Ministère de la Santé et de l’Accès aux soins;03-01-f8b950b9-058d-58c3-893e-76c5599078b4
jeunesse-vie-associative.gouv.fr;modernisation.gouv.fr;Ministère des Sports et des Jeux Olympiques et Paralympiques;03-01-06092d7c-9734-caf8-3826-81368066036d
shom.fr;modernisation.gouv.fr;Ministère des Armées et des Anciens combattants;03-01-0c82b003-8c3a-c778-e962-ce32bb1a33e9
siec.education.fr;modernisation.gouv.fr;Ministère de l’Education nationale;03-01-cebf4ea2-31b6-3c25-a040-29a9ae6dbf67
ensci.com;culture.gouv.fr;Ministère de la Culture;03-01-e68ab7e2-3748-6d64-fbcd-244ff0685751
ecologique-solidaire.gouv.fr;developpement-durable.gouv.fr;Ministère de la Transition écologique, de l’Energie, du Climat et de la Prévention des risques;03-01-b3e17a22-0867-bd19-510c-20baf9141361
dihal.gouv.fr;developpement-durable.gouv.fr;Ministère de la Transition écologique, de l’Energie, du Climat et de la Prévention des risques;03-01-b3e17a22-0867-bd19-510c-20baf9141361
csn.gouv.fr;finances.gouv.fr;Ministères Economiques et Financiers;03-01-ff0d327b-5eab-b75e-994a-3f23f7375520
ird.fr;modernisation.gouv.fr;Ministère de l'Enseignement supérieur et de la Recherche;03-01-3f041b7e-3554-9081-c446-91c19641abb2
huma-num.fr;modernisation.gouv.fr;Migration DINUM;03-01-52e55072-47ec-665f-d787-1df57e98199b
lyceefrancais.be;diplomatie.gouv.fr;Ministère de l'Europe et des Affaires étrangères;03-01-ede4390f-232b-54d7-5eb4-8866a8134d67
anap.fr;modernisation.gouv.fr;Migration DINUM;03-01-52e55072-47ec-665f-d787-1df57e98199b
normandie.gouv.fr;interieur.gouv.fr;Ministère de l'Intérieur;03-01-4cad3c9b-cc78-9c87-81e7-c5f6effbbced
ctles.fr;modernisation.gouv.fr;Migration DINUM;03-01-52e55072-47ec-665f-d787-1df57e98199b
univ-rouen.fr;modernisation.gouv.fr;Ministère de l'Enseignement supérieur et de la Recherche;03-01-3f041b7e-3554-9081-c446-91c19641abb2
direccte.gouv.fr;modernisation.gouv.fr;Ministère du Travail et de l’Emploi;03-01-213197c8-e7f8-1efc-037a-84157f5e4401
u-picardie.fr;modernisation.gouv.fr;Ministère de l'Enseignement supérieur et de la Recherche;03-01-3f041b7e-3554-9081-c446-91c19641abb2
abes.fr;modernisation.gouv.fr;Migration DINUM;03-01-52e55072-47ec-665f-d787-1df57e98199b
occitanie.chambagri.fr;agriculture.gouv.fr;Migration DINUM;03-01-52e55072-47ec-665f-d787-1df57e98199b
opera-comique.com;culture.gouv.fr;Ministère de la Culture;03-01-e68ab7e2-3748-6d64-fbcd-244ff0685751
creps-idf.sports.gouv.fr;modernisation.gouv.fr;Ministère des Sports et des Jeux Olympiques et Paralympiques;03-01-06092d7c-9734-caf8-3826-81368066036d
ephe.psl.eu;modernisation.gouv.fr;Ministère de l'Enseignement supérieur et de la Recherche;03-01-3f041b7e-3554-9081-c446-91c19641abb2
uip.pnr.gouv.fr;finances.gouv.fr;Ministères Economiques et Financiers;03-01-ff0d327b-5eab-b75e-994a-3f23f7375520
martinique.gouv.fr;interieur.gouv.fr;Ministère de l'Intérieur;03-01-4cad3c9b-cc78-9c87-81e7-c5f6effbbced
sdis73.fr;modernisation.gouv.fr;Ministère de l'Intérieur;03-01-4cad3c9b-cc78-9c87-81e7-c5f6effbbced
assemblee-nationale.fr;modernisation.gouv.fr;Migration DINUM;03-01-52e55072-47ec-665f-d787-1df57e98199b
femmesegalite.gouv.fr;modernisation.gouv.fr;Migration DINUM;03-01-52e55072-47ec-665f-d787-1df57e98199b
irsn.fr;developpement-durable.gouv.fr;Ministère de la Transition écologique, de l’Energie, du Climat et de la Prévention des risques;03-01-b3e17a22-0867-bd19-510c-20baf9141361
ensm-sports.gouv.fr;developpement-durable.gouv.fr;Ministère de la Transition écologique, de l’Energie, du Climat et de la Prévention des risques;03-01-b3e17a22-0867-bd19-510c-20baf9141361
sdis83.fr;modernisation.gouv.fr;Ministère de l'Intérieur;03-01-4cad3c9b-cc78-9c87-81e7-c5f6effbbced
marseille.archi.fr;culture.gouv.fr;Ministère de la Culture;03-01-e68ab7e2-3748-6d64-fbcd-244ff0685751
univ-tlse2.fr;modernisation.gouv.fr;Ministère de l'Enseignement supérieur et de la Recherche;03-01-3f041b7e-3554-9081-c446-91c19641abb2
pompiersparis.fr;modernisation.gouv.fr;Ministère de l'Intérieur;03-01-4cad3c9b-cc78-9c87-81e7-c5f6effbbced
cnsad.fr;culture.gouv.fr;Ministère de la Culture;03-01-e68ab7e2-3748-6d64-fbcd-244ff0685751
businessfrance.fr;finances.gouv.fr;Ministères Economiques et Financiers;03-01-ff0d327b-5eab-b75e-994a-3f23f7375520
portesdebretagne.msa.fr;agriculture.gouv.fr;Ministère de l'Agriculture, de la Souveraineté alimentaire et de la Forêt;03-01-31cdbf93-5b3f-4575-14ce-bca46ed1455e
logement.gouv.fr;developpement-durable.gouv.fr;Ministère de la Transition écologique, de l’Energie, du Climat et de la Prévention des risques;03-01-b3e17a22-0867-bd19-510c-20baf9141361
crous-strasbourg.fr;modernisation.gouv.fr;Ministère de l'Enseignement supérieur et de la Recherche;03-01-3f041b7e-3554-9081-c446-91c19641abb2
independants.senat.fr;modernisation.gouv.fr;Migration DINUM;03-01-52e55072-47ec-665f-d787-1df57e98199b
region-academique-auvergne-rhone-alpes.fr;modernisation.gouv.fr;Ministère de l’Education nationale;03-01-cebf4ea2-31b6-3c25-a040-29a9ae6dbf67
sante-sports.gouv.fr;modernisation.gouv.fr;Ministère des Sports et des Jeux Olympiques et Paralympiques;03-01-06092d7c-9734-caf8-3826-81368066036d
msa10-52.msa.fr;agriculture.gouv.fr;Ministère de l'Agriculture, de la Souveraineté alimentaire et de la Forêt;03-01-31cdbf93-5b3f-4575-14ce-bca46ed1455e
entreprises.gouv.fr;finances.gouv.fr;Ministères Economiques et Financiers;03-01-ff0d327b-5eab-b75e-994a-3f23f7375520
sdis975.fr;modernisation.gouv.fr;Ministère de l'Intérieur;03-01-4cad3c9b-cc78-9c87-81e7-c5f6effbbced
eau-artois-picardie.fr;developpement-durable.gouv.fr;Ministère de la Transition écologique, de l’Energie, du Climat et de la Prévention des risques;03-01-b3e17a22-0867-bd19-510c-20baf9141361
saint-barth-saint-martin.gouv.fr;interieur.gouv.fr;Ministère de l'Intérieur;03-01-4cad3c9b-cc78-9c87-81e7-c5f6effbbced
sdis38.fr;modernisation.gouv.fr;Ministère de l'Intérieur;03-01-4cad3c9b-cc78-9c87-81e7-c5f6effbbced
region-academique-idf.fr;modernisation.gouv.fr;Ministère de l’Education nationale;03-01-cebf4ea2-31b6-3c25-a040-29a9ae6dbf67
gendarmerie.defense.gouv.fr;interieur.gouv.fr;Ministère de l'Intérieur;03-01-4cad3c9b-cc78-9c87-81e7-c5f6effbbced
versailles.archi.fr;culture.gouv.fr;Ministère de la Culture;03-01-e68ab7e2-3748-6d64-fbcd-244ff0685751
mrscfr.eu;developpement-durable.gouv.fr;Ministère de la Transition écologique, de l’Energie, du Climat et de la Prévention des risques;03-01-b3e17a22-0867-bd19-510c-20baf9141361
sdis61.fr;modernisation.gouv.fr;Ministère de l'Intérieur;03-01-4cad3c9b-cc78-9c87-81e7-c5f6effbbced
expertisefrance.fr;diplomatie.gouv.fr;Ministère de l'Europe et des Affaires étrangères;03-01-ede4390f-232b-54d7-5eb4-8866a8134d67
ens-lyon.fr;modernisation.gouv.fr;Ministère de l'Enseignement supérieur et de la Recherche;03-01-3f041b7e-3554-9081-c446-91c19641abb2
sdis16.fr;modernisation.gouv.fr;Ministère de l'Intérieur;03-01-4cad3c9b-cc78-9c87-81e7-c5f6effbbced
clermont-fd.archi.fr;culture.gouv.fr;Ministère de la Culture;03-01-e68ab7e2-3748-6d64-fbcd-244ff0685751
u-bordeaux-montaigne.fr;modernisation.gouv.fr;Ministère de l'Enseignement supérieur et de la Recherche;03-01-3f041b7e-3554-9081-c446-91c19641abb2
calvados.gouv.fr;interieur.gouv.fr;Ministère de l'Intérieur;03-01-4cad3c9b-cc78-9c87-81e7-c5f6effbbced
universite-paris-saclay.fr;modernisation.gouv.fr;Ministère de l'Enseignement supérieur et de la Recherche;03-01-3f041b7e-3554-9081-c446-91c19641abb2
doctorat-bretagne.fr;modernisation.gouv.fr;Ministère de l'Enseignement supérieur et de la Recherche;03-01-3f041b7e-3554-9081-c446-91c19641abb2
ensa-bourges.fr;culture.gouv.fr;Ministère de la Culture;03-01-e68ab7e2-3748-6d64-fbcd-244ff0685751
df.gouv.fr;modernisation.gouv.fr;Migration DINUM;03-01-52e55072-47ec-665f-d787-1df57e98199b
apij-justice.fr;justice.gouv.fr;Ministère de la justice;03-01-8ce24e3c-c739-1e77-0f59-5e0b4f106648
seine-maritime.gouv.fr;interieur.gouv.fr;Ministère de l'Intérieur;03-01-4cad3c9b-cc78-9c87-81e7-c5f6effbbced
fvjs.gouv.fr;modernisation.gouv.fr;Migration DINUM;03-01-52e55072-47ec-665f-d787-1df57e98199b
musee-moreau.fr;culture.gouv.fr;Ministère de la Culture;03-01-e68ab7e2-3748-6d64-fbcd-244ff0685751
enac.fr;developpement-durable.gouv.fr;Ministère de la Transition écologique, de l’Energie, du Climat et de la Prévention des risques;03-01-b3e17a22-0867-bd19-510c-20baf9141361
region-academique-provence-alpes-cote-dazur.fr;modernisation.gouv.fr;Ministère de l’Education nationale;03-01-cebf4ea2-31b6-3c25-a040-29a9ae6dbf67
epfbretagne.fr;developpement-durable.gouv.fr;Ministère de la Transition écologique, de l’Energie, du Climat et de la Prévention des risques;03-01-b3e17a22-0867-bd19-510c-20baf9141361
femmes.gouv.fr;modernisation.gouv.fr;Migration DINUM;03-01-52e55072-47ec-665f-d787-1df57e98199b
eleve.ena.fr;modernisation.gouv.fr;Ministère de la Fonction publique, de la Simplification et de la Transformation de l’action publique;03-01-7a771fe6-06e3-eba6-8dbd-d03c375c1afc
franchecomte.msa.fr;agriculture.gouv.fr;Ministère de l'Agriculture, de la Souveraineté alimentaire et de la Forêt;03-01-31cdbf93-5b3f-4575-14ce-bca46ed1455e
dif.gouv.fr;modernisation.gouv.fr;Migration DINUM;03-01-52e55072-47ec-665f-d787-1df57e98199b
apc.in2p3.fr;modernisation.gouv.fr;Ministère de l'Enseignement supérieur et de la Recherche;03-01-3f041b7e-3554-9081-c446-91c19641abb2
eleve.insp.gouv.fr;modernisation.gouv.fr;Ministère de l'Enseignement supérieur et de la Recherche;03-01-3f041b7e-3554-9081-c446-91c19641abb2
personnes-agees.gouv.fr;modernisation.gouv.fr;Ministère de la Santé et de l’Accès aux soins;03-01-f8b950b9-058d-58c3-893e-76c5599078b4
europol.europa.eu;interieur.gouv.fr;Ministère de l'Intérieur;03-01-4cad3c9b-cc78-9c87-81e7-c5f6effbbced
telerecours.fr;agriculture.gouv.fr;Ministère de l'Agriculture, de la Souveraineté alimentaire et de la Forêt;03-01-31cdbf93-5b3f-4575-14ce-bca46ed1455e
cgss-guadeloupe.fr;modernisation.gouv.fr;Migration DINUM;03-01-52e55072-47ec-665f-d787-1df57e98199b
ac-poitiers.fr;modernisation.gouv.fr;Ministère de l’Education nationale;03-01-cebf4ea2-31b6-3c25-a040-29a9ae6dbf67
sdis85.com;modernisation.gouv.fr;Ministère de l'Intérieur;03-01-4cad3c9b-cc78-9c87-81e7-c5f6effbbced
lille.archi.fr;culture.gouv.fr;Ministère de la Culture;03-01-e68ab7e2-3748-6d64-fbcd-244ff0685751
ac-cned.fr;modernisation.gouv.fr;Ministère de l’Education nationale;03-01-cebf4ea2-31b6-3c25-a040-29a9ae6dbf67
crous-reunion.fr;modernisation.gouv.fr;Ministère de l’Education nationale;03-01-cebf4ea2-31b6-3c25-a040-29a9ae6dbf67
sdis28.fr;modernisation.gouv.fr;Ministère de l'Intérieur;03-01-4cad3c9b-cc78-9c87-81e7-c5f6effbbced
haute-loire.gouv.fr;interieur.gouv.fr;Ministère de l'Intérieur;03-01-4cad3c9b-cc78-9c87-81e7-c5f6effbbced
ambafrance-us.org;diplomatie.gouv.fr;Ministère de l'Europe et des Affaires étrangères;03-01-ede4390f-232b-54d7-5eb4-8866a8134d67
bordeaux.archi.fr;culture.gouv.fr;Ministère de la Culture;03-01-e68ab7e2-3748-6d64-fbcd-244ff0685751
hceres.fr;modernisation.gouv.fr;Ministère de l'Enseignement supérieur et de la Recherche;03-01-3f041b7e-3554-9081-c446-91c19641abb2
cnap.fr;culture.gouv.fr;Ministère de la Culture;03-01-e68ab7e2-3748-6d64-fbcd-244ff0685751
iut-tlse3.fr;modernisation.gouv.fr;Ministère de l'Enseignement supérieur et de la Recherche;03-01-3f041b7e-3554-9081-c446-91c19641abb2
igf.finances.gouv.fr;finances.gouv.fr;Ministères Economiques et Financiers;03-01-ff0d327b-5eab-b75e-994a-3f23f7375520
villette.com;culture.gouv.fr;Ministère de la Culture;03-01-e68ab7e2-3748-6d64-fbcd-244ff0685751
politique-ville.gouv.fr;modernisation.gouv.fr;Migration DINUM;03-01-52e55072-47ec-665f-d787-1df57e98199b
sdis63.fr;modernisation.gouv.fr;Ministère de l'Intérieur;03-01-4cad3c9b-cc78-9c87-81e7-c5f6effbbced
cabinet.education.fr;modernisation.gouv.fr;Ministère de l’Education nationale;03-01-cebf4ea2-31b6-3c25-a040-29a9ae6dbf67
monnaiedeparis.fr;finances.gouv.fr;Ministères Economiques et Financiers;03-01-ff0d327b-5eab-b75e-994a-3f23f7375520
ifremer.fr;modernisation.gouv.fr;Ministère de la Mer et de la Pêche;03-01-d92536e0-e357-82d5-0bb6-fc9fb8f28729
fimad.gouv.fr;interieur.gouv.fr;Ministère de l'Intérieur;03-01-4cad3c9b-cc78-9c87-81e7-c5f6effbbced
ille-et-vilaine.gouv.fr;interieur.gouv.fr;Ministère de l'Intérieur;03-01-4cad3c9b-cc78-9c87-81e7-c5f6effbbced
mayenne-orne-sarthe.msa.fr;agriculture.gouv.fr;Ministère de l'Agriculture, de la Souveraineté alimentaire et de la Forêt;03-01-31cdbf93-5b3f-4575-14ce-bca46ed1455e
eure.gouv.fr;interieur.gouv.fr;Ministère de l'Intérieur;03-01-4cad3c9b-cc78-9c87-81e7-c5f6effbbced
maisoncohesionsociale.gouv.fr;modernisation.gouv.fr;Migration DINUM;03-01-52e55072-47ec-665f-d787-1df57e98199b
sdis-vendee.fr;modernisation.gouv.fr;Ministère de l'Intérieur;03-01-4cad3c9b-cc78-9c87-81e7-c5f6effbbced
rndp.fr;culture.gouv.fr;Ministère de la Culture;03-01-e68ab7e2-3748-6d64-fbcd-244ff0685751
sdis36.org;modernisation.gouv.fr;Ministère de l'Intérieur;03-01-4cad3c9b-cc78-9c87-81e7-c5f6effbbced
public.senat.fr;modernisation.gouv.fr;Migration DINUM;03-01-52e55072-47ec-665f-d787-1df57e98199b
aft.gouv.fr;finances.gouv.fr;Ministères Economiques et Financiers;03-01-ff0d327b-5eab-b75e-994a-3f23f7375520
sdis06.fr;modernisation.gouv.fr;Ministère de l'Intérieur;03-01-4cad3c9b-cc78-9c87-81e7-c5f6effbbced
ac-noumea.nc;modernisation.gouv.fr;Ministère de l’Education nationale;03-01-cebf4ea2-31b6-3c25-a040-29a9ae6dbf67
banque-france.fr;modernisation.gouv.fr;Migration DINUM;03-01-52e55072-47ec-665f-d787-1df57e98199b
ensad.fr;culture.gouv.fr;Ministère de la Culture;03-01-e68ab7e2-3748-6d64-fbcd-244ff0685751
syndicats.finances.gouv.fr;finances.gouv.fr;Ministères Economiques et Financiers;03-01-ff0d327b-5eab-b75e-994a-3f23f7375520
prestataire.finances.gouv.fr;finances.gouv.fr;Ministères Economiques et Financiers;03-01-ff0d327b-5eab-b75e-994a-3f23f7375520
sdis87.fr;modernisation.gouv.fr;Ministère de l'Intérieur;03-01-4cad3c9b-cc78-9c87-81e7-c5f6effbbced
inria.fr;modernisation.gouv.fr;Ministère de l'Enseignement supérieur et de la Recherche;03-01-3f041b7e-3554-9081-c446-91c19641abb2
univ-lorraine.fr;modernisation.gouv.fr;Ministère de l'Enseignement supérieur et de la Recherche;03-01-3f041b7e-3554-9081-c446-91c19641abb2
ac-bordeaux.fr;modernisation.gouv.fr;Ministère de l’Education nationale;03-01-cebf4ea2-31b6-3c25-a040-29a9ae6dbf67
saone-et-loire.pref.gouv.fr;interieur.gouv.fr;Ministère de l'Intérieur;03-01-4cad3c9b-cc78-9c87-81e7-c5f6effbbced
correze.gouv.fr;interieur.gouv.fr;Ministère de l'Intérieur;03-01-4cad3c9b-cc78-9c87-81e7-c5f6effbbced
carsat-lr.fr;modernisation.gouv.fr;Migration DINUM;03-01-52e55072-47ec-665f-d787-1df57e98199b
cafisere.cnafmail.fr;modernisation.gouv.fr;Migration DINUM;03-01-52e55072-47ec-665f-d787-1df57e98199b
ccomptes.fr;modernisation.gouv.fr;Cour des Comptes;03-01-a3bfeb37-1070-7495-522a-2384578d60f7
servicesalapersonne.gouv.fr;modernisation.gouv.fr;Migration DINUM;03-01-52e55072-47ec-665f-d787-1df57e98199b
cnphl.gouv.fr;developpement-durable.gouv.fr;Ministère de la Transition écologique, de l’Energie, du Climat et de la Prévention des risques;03-01-b3e17a22-0867-bd19-510c-20baf9141361
sdis51.fr;modernisation.gouv.fr;Ministère de l'Intérieur;03-01-4cad3c9b-cc78-9c87-81e7-c5f6effbbced
port-guadeloupe.com;developpement-durable.gouv.fr;Ministère de la Transition écologique, de l’Energie, du Climat et de la Prévention des risques;03-01-b3e17a22-0867-bd19-510c-20baf9141361
diplomatie.gouv.fr;diplomatie.gouv.fr;Ministère de l'Europe et des Affaires étrangères;03-01-ede4390f-232b-54d7-5eb4-8866a8134d67
calanques-parcnational.fr;developpement-durable.gouv.fr;Ministère de la Transition écologique, de l’Energie, du Climat et de la Prévention des risques;03-01-b3e17a22-0867-bd19-510c-20baf9141361
val-de-marne.gouv.fr;interieur.gouv.fr;Ministère de l'Intérieur;03-01-4cad3c9b-cc78-9c87-81e7-c5f6effbbced
data.gouv.fr;modernisation.gouv.fr;Ministère de la Fonction publique, de la Simplification et de la Transformation de l’action publique;03-01-7a771fe6-06e3-eba6-8dbd-d03c375c1afc
cncmfe.gouv.fr;modernisation.gouv.fr;Migration DINUM;03-01-52e55072-47ec-665f-d787-1df57e98199b
travail-emploi-sante.gouv.fr;modernisation.gouv.fr;Ministère du Travail et de l’Emploi;03-01-213197c8-e7f8-1efc-037a-84157f5e4401
hcf.famille.gouv.fr;modernisation.gouv.fr;Migration DINUM;03-01-52e55072-47ec-665f-d787-1df57e98199b
bfc.gouv.fr;interieur.gouv.fr;Ministère de l'Intérieur;03-01-4cad3c9b-cc78-9c87-81e7-c5f6effbbced
education.gouv.fr;modernisation.gouv.fr;Ministère de l’Education nationale;03-01-cebf4ea2-31b6-3c25-a040-29a9ae6dbf67
sgci.gouv.fr;finances.gouv.fr;Ministères Economiques et Financiers;03-01-ff0d327b-5eab-b75e-994a-3f23f7375520
service-public.fr.qualif.ext.dila.fr;modernisation.gouv.fr;Premier ministre;03-01-54a55a87-eb32-6c2b-6bc7-451be72058e0
msa75.msa.fr;agriculture.gouv.fr;Ministère de l'Agriculture, de la Souveraineté alimentaire et de la Forêt;03-01-31cdbf93-5b3f-4575-14ce-bca46ed1455e
ac-creteil.fr;modernisation.gouv.fr;Ministère de l’Education nationale;03-01-cebf4ea2-31b6-3c25-a040-29a9ae6dbf67
biomedecine.fr;modernisation.gouv.fr;Migration DINUM;03-01-52e55072-47ec-665f-d787-1df57e98199b
meteofrance.fr;developpement-durable.gouv.fr;Ministère de la Transition écologique, de l’Energie, du Climat et de la Prévention des risques;03-01-b3e17a22-0867-bd19-510c-20baf9141361
creps-centre.sports.gouv.fr;modernisation.gouv.fr;Ministère des Sports et des Jeux Olympiques et Paralympiques;03-01-06092d7c-9734-caf8-3826-81368066036d
ac-grenoble.fr;modernisation.gouv.fr;Ministère de l’Education nationale;03-01-cebf4ea2-31b6-3c25-a040-29a9ae6dbf67
rsmar.re;interieur.gouv.fr;Ministère de l'Intérieur;03-01-4cad3c9b-cc78-9c87-81e7-c5f6effbbced
fr.europol.net;interieur.gouv.fr;Ministère de l'Intérieur;03-01-4cad3c9b-cc78-9c87-81e7-c5f6effbbced
ac-martinique.fr;modernisation.gouv.fr;Ministère de l’Education nationale;03-01-cebf4ea2-31b6-3c25-a040-29a9ae6dbf67
cab.travail-sante.gouv.fr;modernisation.gouv.fr;Ministère du Travail et de l’Emploi;03-01-213197c8-e7f8-1efc-037a-84157f5e4401
enpc.fr;developpement-durable.gouv.fr;Ministère de la Transition écologique, de l’Energie, du Climat et de la Prévention des risques;03-01-b3e17a22-0867-bd19-510c-20baf9141361
portcros-parcnational.fr;developpement-durable.gouv.fr;Ministère de la Transition écologique, de l’Energie, du Climat et de la Prévention des risques;03-01-b3e17a22-0867-bd19-510c-20baf9141361
igacem.gouv.fr;developpement-durable.gouv.fr;Ministère de la Transition écologique, de l’Energie, du Climat et de la Prévention des risques;03-01-b3e17a22-0867-bd19-510c-20baf9141361
inalco.fr;modernisation.gouv.fr;Ministère de l'Enseignement supérieur et de la Recherche;03-01-3f041b7e-3554-9081-c446-91c19641abb2
ensam.eu;modernisation.gouv.fr;Ministère de l'Enseignement supérieur et de la Recherche;03-01-3f041b7e-3554-9081-c446-91c19641abb2
france-volontaires.org;diplomatie.gouv.fr;Ministère de l'Europe et des Affaires étrangères;03-01-ede4390f-232b-54d7-5eb4-8866a8134d67
pl.chambagri.fr;agriculture.gouv.fr;Ministère de l'Agriculture, de la Souveraineté alimentaire et de la Forêt;03-01-31cdbf93-5b3f-4575-14ce-bca46ed1455e
finances.gouv.fr;finances.gouv.fr;Ministères Economiques et Financiers;03-01-ff0d327b-5eab-b75e-994a-3f23f7375520
assurance-maladie.fr;modernisation.gouv.fr;Ministère de la Santé et de l’Accès aux soins;03-01-f8b950b9-058d-58c3-893e-76c5599078b4
paris-idf.gouv.fr;interieur.gouv.fr;Ministère de l'Intérieur;03-01-4cad3c9b-cc78-9c87-81e7-c5f6effbbced
ac-lille.fr;modernisation.gouv.fr;Ministère de l’Education nationale;03-01-cebf4ea2-31b6-3c25-a040-29a9ae6dbf67
bea.aero;developpement-durable.gouv.fr;Ministère de la Transition écologique, de l’Energie, du Climat et de la Prévention des risques;03-01-b3e17a22-0867-bd19-510c-20baf9141361
u-bordeaux.fr;modernisation.gouv.fr;Ministère de l'Enseignement supérieur et de la Recherche;03-01-3f041b7e-3554-9081-c446-91c19641abb2
irisa.fr;modernisation.gouv.fr;Migration DINUM;03-01-52e55072-47ec-665f-d787-1df57e98199b
onisep.fr;modernisation.gouv.fr;Ministère de l’Education nationale;03-01-cebf4ea2-31b6-3c25-a040-29a9ae6dbf67
insp.gouv.fr;modernisation.gouv.fr;Ministère de la Fonction publique, de la Simplification et de la Transformation de l’action publique;03-01-7a771fe6-06e3-eba6-8dbd-d03c375c1afc
uc.senat.fr;modernisation.gouv.fr;Migration DINUM;03-01-52e55072-47ec-665f-d787-1df57e98199b
region-academique-bretagne.fr;modernisation.gouv.fr;Ministère de l’Education nationale;03-01-cebf4ea2-31b6-3c25-a040-29a9ae6dbf67
insa-rouen.fr;modernisation.gouv.fr;Ministère de l'Enseignement supérieur et de la Recherche;03-01-3f041b7e-3554-9081-c446-91c19641abb2
sdis53.fr;modernisation.gouv.fr;Ministère de l'Intérieur;03-01-4cad3c9b-cc78-9c87-81e7-c5f6effbbced
ansm.sante.fr;modernisation.gouv.fr;Ministère de la Santé et de l’Accès aux soins;03-01-f8b950b9-058d-58c3-893e-76c5599078b4
service-civique.gouv.fr;modernisation.gouv.fr;Migration DINUM;03-01-52e55072-47ec-665f-d787-1df57e98199b
ecpad.fr;modernisation.gouv.fr;Migration DINUM;03-01-52e55072-47ec-665f-d787-1df57e98199b
tarn.gouv.fr;interieur.gouv.fr;Ministère de l'Intérieur;03-01-4cad3c9b-cc78-9c87-81e7-c5f6effbbced
hci.pm.gouv.fr;modernisation.gouv.fr;Premier ministre;03-01-54a55a87-eb32-6c2b-6bc7-451be72058e0
pyrenees-atlantiques.gouv.fr;interieur.gouv.fr;Ministère de l'Intérieur;03-01-4cad3c9b-cc78-9c87-81e7-c5f6effbbced
aveyron.gouv.fr;interieur.gouv.fr;Ministère de l'Intérieur;03-01-4cad3c9b-cc78-9c87-81e7-c5f6effbbced
ac-toulouse.fr;modernisation.gouv.fr;Ministère de l’Education nationale;03-01-cebf4ea2-31b6-3c25-a040-29a9ae6dbf67
paca.gouv.fr;interieur.gouv.fr;Ministère de l'Intérieur;03-01-4cad3c9b-cc78-9c87-81e7-c5f6effbbced
manche.gouv.fr;interieur.gouv.fr;Ministère de l'Intérieur;03-01-4cad3c9b-cc78-9c87-81e7-c5f6effbbced
lycee-verdun.edu.lb;modernisation.gouv.fr;Migration DINUM;03-01-52e55072-47ec-665f-d787-1df57e98199b
elysee.fr;modernisation.gouv.fr;Présidence de la République;03-01-cd4c0f88-69c5-a6ce-0d0a-10a070127e02
sdis18.fr;modernisation.gouv.fr;Ministère de l'Intérieur;03-01-4cad3c9b-cc78-9c87-81e7-c5f6effbbced
cafseine-maritime.cnafmail.fr;modernisation.gouv.fr;Migration DINUM;03-01-52e55072-47ec-665f-d787-1df57e98199b
taaf.fr;interieur.gouv.fr;Ministère de l'Intérieur;03-01-4cad3c9b-cc78-9c87-81e7-c5f6effbbced
aude.gouv.fr;interieur.gouv.fr;Ministère de l'Intérieur;03-01-4cad3c9b-cc78-9c87-81e7-c5f6effbbced
cabinet.fonction-publique.gouv.fr;modernisation.gouv.fr;Ministère de la Fonction publique, de la Simplification et de la Transformation de l’action publique;03-01-7a771fe6-06e3-eba6-8dbd-d03c375c1afc
lyon.archi.fr;culture.gouv.fr;Ministère de la Culture;03-01-e68ab7e2-3748-6d64-fbcd-244ff0685751
bourgogne.msa.fr;agriculture.gouv.fr;Ministère de l'Agriculture, de la Souveraineté alimentaire et de la Forêt;03-01-31cdbf93-5b3f-4575-14ce-bca46ed1455e
ddc.social.gouv.fr;modernisation.gouv.fr;Migration DINUM;03-01-52e55072-47ec-665f-d787-1df57e98199b
sgg.pm.gouv.fr;modernisation.gouv.fr;Premier ministre;03-01-54a55a87-eb32-6c2b-6bc7-451be72058e0
climat-energie.gouv.fr;developpement-durable.gouv.fr;Ministère de la Transition écologique, de l’Energie, du Climat et de la Prévention des risques;03-01-b3e17a22-0867-bd19-510c-20baf9141361
parcoursup.fr;modernisation.gouv.fr;Ministère de l’Education nationale;03-01-cebf4ea2-31b6-3c25-a040-29a9ae6dbf67
ac-orleans-tours.fr;modernisation.gouv.fr;Ministère de l’Education nationale;03-01-cebf4ea2-31b6-3c25-a040-29a9ae6dbf67
envt.fr;agriculture.gouv.fr;Ministère de l'Agriculture, de la Souveraineté alimentaire et de la Forêt;03-01-31cdbf93-5b3f-4575-14ce-bca46ed1455e
finistere.pref.gouv.fr;interieur.gouv.fr;Ministère de l'Intérieur;03-01-4cad3c9b-cc78-9c87-81e7-c5f6effbbced
ac-normandie.fr;modernisation.gouv.fr;Ministère de l’Education nationale;03-01-cebf4ea2-31b6-3c25-a040-29a9ae6dbf67
sdis41.fr;modernisation.gouv.fr;Ministère de l'Intérieur;03-01-4cad3c9b-cc78-9c87-81e7-c5f6effbbced
ihest.fr;modernisation.gouv.fr;Migration DINUM;03-01-52e55072-47ec-665f-d787-1df57e98199b
aefe.fr;diplomatie.gouv.fr;Ministère de l'Europe et des Affaires étrangères;03-01-ede4390f-232b-54d7-5eb4-8866a8134d67
jeunesse-sports.gouv.fr;modernisation.gouv.fr;Ministère des Sports et des Jeux Olympiques et Paralympiques;03-01-06092d7c-9734-caf8-3826-81368066036d
autorite-statistique-publique.fr;finances.gouv.fr;Migration DINUM;03-01-52e55072-47ec-665f-d787-1df57e98199b
modernisation.gouv.fr;modernisation.gouv.fr;Ministère de la Fonction publique, de la Simplification et de la Transformation de l’action publique;03-01-7a771fe6-06e3-eba6-8dbd-d03c375c1afc
region-academique-bourgogne-franche-comte.fr;modernisation.gouv.fr;Ministère de l’Education nationale;03-01-cebf4ea2-31b6-3c25-a040-29a9ae6dbf67
meuse.gouv.fr;interieur.gouv.fr;Ministère de l'Intérieur;03-01-4cad3c9b-cc78-9c87-81e7-c5f6effbbced
univ-rennes2.fr;modernisation.gouv.fr;Ministère de l'Enseignement supérieur et de la Recherche;03-01-3f041b7e-3554-9081-c446-91c19641abb2
univ-lehavre.fr;modernisation.gouv.fr;Ministère de l'Enseignement supérieur et de la Recherche;03-01-3f041b7e-3554-9081-c446-91c19641abb2
i-carre.net;developpement-durable.gouv.fr;Ministère de la Transition écologique, de l’Energie, du Climat et de la Prévention des risques;03-01-b3e17a22-0867-bd19-510c-20baf9141361
oniam.fr;modernisation.gouv.fr;Migration DINUM;03-01-52e55072-47ec-665f-d787-1df57e98199b
point-info-famille.fr;modernisation.gouv.fr;Migration DINUM;03-01-52e55072-47ec-665f-d787-1df57e98199b
npdcp.gouv.fr;interieur.gouv.fr;Ministère de l'Intérieur;03-01-4cad3c9b-cc78-9c87-81e7-c5f6effbbced
agirc-arrco.fr;modernisation.gouv.fr;Migration DINUM;03-01-52e55072-47ec-665f-d787-1df57e98199b
univ-fcomte.fr;modernisation.gouv.fr;Ministère de l'Enseignement supérieur et de la Recherche;03-01-3f041b7e-3554-9081-c446-91c19641abb2
sevresciteceramique.fr;culture.gouv.fr;Ministère de la Culture;03-01-e68ab7e2-3748-6d64-fbcd-244ff0685751
